Col1,Col2,Col3,Time,Voltage,Col6
Record Length,2.500000e+03,,  -0.001250000000,-116.00000,
Sample Interval,1.000000e-06,,  -0.001249000000,-116.00000,
Trigger Point,1.250000000000e+03,,  -0.001248000000,-116.00000,
,,,  -0.001247000000,-116.00000,
,,,  -0.001246000000,-118.00000,
,,,  -0.001245000000,-116.00000,
Source,CH2,,  -0.001244000000,-116.00000,
Vertical Units,V,,  -0.001243000000,-116.00000,
Vertical Scale,5.000000e+01,,  -0.001242000000,-116.00000,
Vertical Offset,-1.000000e+02,,  -0.001241000000,-116.00000,
Horizontal Units,s,,  -0.001240000000,-116.00000,
Horizontal Scale,2.500000e-04,,  -0.001239000000,-116.00000,
Pt Fmt,Y,,  -0.001238000000,-116.00000,
Yzero,0.000000e+00,,  -0.001237000000,-116.00000,
Probe Atten,1.000000e+01,,  -0.001236000000,-116.00000,
Model Number,TBS1062,,  -0.001235000000,-116.00000,
Serial Number,C030811,,  -0.001234000000,-116.00000,
Firmware Version,FV:v26.02,,  -0.001233000000,-116.00000,
,,,-00.001232000000,-114.00000,
,,,-00.001231000000, 116.00000,
,,,-00.001230000000, 116.00000,
,,,-00.001229000000, 116.00000,
,,,-00.001228000000, 116.00000,
,,,-00.001227000000, 118.00000,
,,,-00.001226000000, 116.00000,
,,,-00.001225000000, 118.00000,
,,,-00.001224000000, 118.00000,
,,,-00.001223000000, 118.00000,
,,,-00.001222000000, 118.00000,
,,,-00.001221000000, 118.00000,
,,,-00.001220000000, 118.00000,
,,,-00.001219000000, 118.00000,
,,,-00.001218000000, 118.00000,
,,,-00.001217000000, 120.00000,
,,,-00.001216000000, 118.00000,
,,,-00.001215000000, 120.00000,
,,,-00.001214000000, 120.00000,
,,,-00.001213000000, 120.00000,
,,,-00.001212000000, 120.00000,
,,,-00.001211000000, 120.00000,
,,,-00.001210000000, 118.00000,
,,,-00.001209000000, 118.00000,
,,,-00.001208000000, 118.00000,
,,,-00.001207000000, 118.00000,
,,,-00.001206000000, 120.00000,
,,,-00.001205000000, 118.00000,
,,,-00.001204000000, 120.00000,
,,,-00.001203000000, 118.00000,
,,,-00.001202000000, 118.00000,
,,,-00.001201000000, 118.00000,
,,,-00.001200000000, 120.00000,
,,,-00.001199000000, 118.00000,
,,,-00.001198000000, 118.00000,
,,,-00.001197000000, 120.00000,
,,,-00.001196000000, 120.00000,
,,,-00.001195000000, 120.00000,
,,,-00.001194000000, 118.00000,
,,,-00.001193000000, 118.00000,
,,,-00.001192000000, 118.00000,
,,,-00.001191000000, 120.00000,
,,,-00.001190000000, 118.00000,
,,,-00.001189000000, 118.00000,
,,,-00.001188000000, 120.00000,
,,,-00.001187000000, 120.00000,
,,,-00.001186000000, 118.00000,
,,,-00.001185000000, 120.00000,
,,,-00.001184000000, 120.00000,
,,,-00.001183000000, 120.00000,
,,,-00.001182000000, 118.00000,
,,,-00.001181000000, 120.00000,
,,,-00.001180000000, 120.00000,
,,,-00.001179000000, 120.00000,
,,,-00.001178000000, 120.00000,
,,,-00.001177000000, 118.00000,
,,,-00.001176000000, 118.00000,
,,,-00.001175000000, 120.00000,
,,,-00.001174000000, 120.00000,
,,,-00.001173000000, 120.00000,
,,,-00.001172000000, 118.00000,
,,,-00.001171000000, 120.00000,
,,,-00.001170000000, 120.00000,
,,,-00.001169000000, 120.00000,
,,,-00.001168000000, 120.00000,
,,,-00.001167000000, 118.00000,
,,,-00.001166000000, 120.00000,
,,,-00.001165000000, 118.00000,
,,,-00.001164000000, 120.00000,
,,,-00.001163000000, 120.00000,
,,,-00.001162000000, 120.00000,
,,,-00.001161000000, 120.00000,
,,,-00.001160000000, 120.00000,
,,,-00.001159000000, 120.00000,
,,,-00.001158000000, 118.00000,
,,,-00.001157000000, 118.00000,
,,,-00.001156000000, 118.00000,
,,,-00.001155000000, 120.00000,
,,,-00.001154000000, 120.00000,
,,,-00.001153000000, 120.00000,
,,,-00.001152000000, 120.00000,
,,,-00.001151000000, 120.00000,
,,,-00.001150000000, 118.00000,
,,,-00.001149000000, 118.00000,
,,,-00.001148000000, 120.00000,
,,,-00.001147000000, 118.00000,
,,,-00.001146000000, 120.00000,
,,,-00.001145000000, 118.00000,
,,,-00.001144000000, 118.00000,
,,,-00.001143000000, 118.00000,
,,,-00.001142000000, 118.00000,
,,,-00.001141000000, 120.00000,
,,,-00.001140000000, 118.00000,
,,,-00.001139000000, 120.00000,
,,,-00.001138000000, 120.00000,
,,,-00.001137000000, 120.00000,
,,,-00.001136000000, 120.00000,
,,,-00.001135000000, 118.00000,
,,,-00.001134000000, 120.00000,
,,,-00.001133000000, 118.00000,
,,,-00.001132000000, 118.00000,
,,,-00.001131000000, 120.00000,
,,,-00.001130000000, 120.00000,
,,,-00.001129000000, 120.00000,
,,,-00.001128000000, 120.00000,
,,,-00.001127000000, 120.00000,
,,,-00.001126000000, 118.00000,
,,,-00.001125000000, 120.00000,
,,,-00.001124000000, 120.00000,
,,,-00.001123000000, 120.00000,
,,,-00.001122000000, 120.00000,
,,,-00.001121000000, 120.00000,
,,,-00.001120000000, 120.00000,
,,,-00.001119000000, 120.00000,
,,,-00.001118000000, 118.00000,
,,,-00.001117000000, 120.00000,
,,,-00.001116000000, 118.00000,
,,,-00.001115000000, 120.00000,
,,,-00.001114000000, 118.00000,
,,,-00.001113000000, 120.00000,
,,,-00.001112000000, 118.00000,
,,,-00.001111000000, 118.00000,
,,,-00.001110000000, 120.00000,
,,,-00.001109000000, 120.00000,
,,,-00.001108000000, 120.00000,
,,,-00.001107000000, 120.00000,
,,,-00.001106000000, 120.00000,
,,,-00.001105000000, 120.00000,
,,,-00.001104000000, 120.00000,
,,,-00.001103000000, 120.00000,
,,,-00.001102000000, 120.00000,
,,,-00.001101000000, 120.00000,
,,,-00.001100000000, 120.00000,
,,,-00.001099000000, 120.00000,
,,,-00.001098000000, 120.00000,
,,,-00.001097000000, 120.00000,
,,,-00.001096000000, 120.00000,
,,,-00.001095000000, 120.00000,
,,,-00.001094000000, 118.00000,
,,,-00.001093000000, 120.00000,
,,,-00.001092000000, 120.00000,
,,,-00.001091000000, 120.00000,
,,,-00.001090000000, 120.00000,
,,,-00.001089000000, 120.00000,
,,,-00.001088000000, 120.00000,
,,,-00.001087000000, 118.00000,
,,,-00.001086000000, 120.00000,
,,,-00.001085000000, 120.00000,
,,,-00.001084000000, 120.00000,
,,,-00.001083000000, 120.00000,
,,,-00.001082000000, 120.00000,
,,,-00.001081000000, 120.00000,
,,,-00.001080000000, 120.00000,
,,,-00.001079000000, 120.00000,
,,,-00.001078000000, 120.00000,
,,,-00.001077000000, 120.00000,
,,,-00.001076000000, 120.00000,
,,,-00.001075000000, 120.00000,
,,,-00.001074000000, 120.00000,
,,,-00.001073000000, 120.00000,
,,,-00.001072000000, 118.00000,
,,,-00.001071000000, 120.00000,
,,,-00.001070000000, 118.00000,
,,,-00.001069000000, 120.00000,
,,,-00.001068000000, 120.00000,
,,,-00.001067000000, 120.00000,
,,,-00.001066000000, 120.00000,
,,,-00.001065000000, 120.00000,
,,,-00.001064000000, 120.00000,
,,,-00.001063000000, 120.00000,
,,,-00.001062000000, 120.00000,
,,,-00.001061000000, 120.00000,
,,,-00.001060000000, 120.00000,
,,,-00.001059000000, 120.00000,
,,,-00.001058000000, 120.00000,
,,,-00.001057000000, 120.00000,
,,,-00.001056000000, 120.00000,
,,,-00.001055000000, 120.00000,
,,,-00.001054000000, 120.00000,
,,,-00.001053000000, 120.00000,
,,,-00.001052000000, 120.00000,
,,,-00.001051000000, 118.00000,
,,,-00.001050000000, 118.00000,
,,,-00.001049000000, 120.00000,
,,,-00.001048000000, 120.00000,
,,,-00.001047000000, 120.00000,
,,,-00.001046000000, 118.00000,
,,,-00.001045000000, 120.00000,
,,,-00.001044000000, 120.00000,
,,,-00.001043000000, 120.00000,
,,,-00.001042000000, 118.00000,
,,,-00.001041000000, 120.00000,
,,,-00.001040000000, 120.00000,
,,,-00.001039000000, 120.00000,
,,,-00.001038000000, 120.00000,
,,,-00.001037000000, 120.00000,
,,,-00.001036000000, 120.00000,
,,,-00.001035000000, 120.00000,
,,,-00.001034000000, 120.00000,
,,,-00.001033000000, 120.00000,
,,,-00.001032000000, 120.00000,
,,,-00.001031000000, 120.00000,
,,,-00.001030000000, 120.00000,
,,,-00.001029000000, 120.00000,
,,,-00.001028000000, 120.00000,
,,,-00.001027000000, 120.00000,
,,,-00.001026000000, 120.00000,
,,,-00.001025000000, 120.00000,
,,,-00.001024000000, 120.00000,
,,,-00.001023000000, 120.00000,
,,,-00.001022000000, 118.00000,
,,,-00.001021000000, 120.00000,
,,,-00.001020000000, 120.00000,
,,,-00.001019000000, 120.00000,
,,,-00.001018000000, 120.00000,
,,,-00.001017000000, 120.00000,
,,,-00.001016000000, 120.00000,
,,,-00.001015000000, 120.00000,
,,,-00.001014000000, 120.00000,
,,,-00.001013000000, 120.00000,
,,,-00.001012000000, 120.00000,
,,,-00.001011000000, 120.00000,
,,,-00.001010000000, 120.00000,
,,,-00.001009000000, 120.00000,
,,,-00.001008000000, 120.00000,
,,,-00.001007000000, 120.00000,
,,,-00.001006000000, 120.00000,
,,,-00.001005000000, 120.00000,
,,,-00.001004000000, 120.00000,
,,,-00.001003000000, 120.00000,
,,,-00.001002000000, 120.00000,
,,,-00.001001000000, 120.00000,
,,,-00.001000000000, 120.00000,
,,,-00.000999000000, 120.00000,
,,,-00.000998000000, 120.00000,
,,,-00.000997000000, 120.00000,
,,,-00.000996000000, 120.00000,
,,,-00.000995000000, 120.00000,
,,,-00.000994000000, 120.00000,
,,,-00.000993000000, 118.00000,
,,,-00.000992000000, 120.00000,
,,,-00.000991000000, 120.00000,
,,,-00.000990000000, 120.00000,
,,,-00.000989000000, 120.00000,
,,,-00.000988000000, 120.00000,
,,,-00.000987000000, 120.00000,
,,,-00.000986000000, 120.00000,
,,,-00.000985000000, 120.00000,
,,,-00.000984000000, 120.00000,
,,,-00.000983000000, 120.00000,
,,,-00.000982000000, 120.00000,
,,,-00.000981000000, 120.00000,
,,,-00.000980000000, 120.00000,
,,,-00.000979000000, 118.00000,
,,,-00.000978000000, 120.00000,
,,,-00.000977000000, 120.00000,
,,,-00.000976000000, 120.00000,
,,,-00.000975000000, 120.00000,
,,,-00.000974000000, 118.00000,
,,,-00.000973000000, 120.00000,
,,,-00.000972000000, 120.00000,
,,,-00.000971000000, 120.00000,
,,,-00.000970000000, 120.00000,
,,,-00.000969000000, 120.00000,
,,,-00.000968000000, 120.00000,
,,,-00.000967000000, 120.00000,
,,,-00.000966000000, 120.00000,
,,,-00.000965000000, 120.00000,
,,,-00.000964000000, 118.00000,
,,,-00.000963000000, 120.00000,
,,,-00.000962000000, 118.00000,
,,,-00.000961000000, 118.00000,
,,,-00.000960000000, 118.00000,
,,,-00.000959000000, 116.00000,
,,,-00.000958000000,-110.00000,
,,,-00.000957000000,-112.00000,
,,,-00.000956000000,-114.00000,
,,,-00.000955000000,-114.00000,
,,,-00.000954000000,-114.00000,
,,,-00.000953000000,-114.00000,
,,,-00.000952000000,-114.00000,
,,,-00.000951000000,-114.00000,
,,,-00.000950000000,-114.00000,
,,,-00.000949000000,-114.00000,
,,,-00.000948000000,-116.00000,
,,,-00.000947000000,-116.00000,
,,,-00.000946000000,-116.00000,
,,,-00.000945000000,-116.00000,
,,,-00.000944000000,-116.00000,
,,,-00.000943000000,-116.00000,
,,,-00.000942000000,-116.00000,
,,,-00.000941000000,-116.00000,
,,,-00.000940000000,-116.00000,
,,,-00.000939000000,-116.00000,
,,,-00.000938000000,-116.00000,
,,,-00.000937000000,-116.00000,
,,,-00.000936000000,-116.00000,
,,,-00.000935000000,-116.00000,
,,,-00.000934000000,-116.00000,
,,,-00.000933000000,-116.00000,
,,,-00.000932000000,-116.00000,
,,,-00.000931000000,-116.00000,
,,,-00.000930000000,-116.00000,
,,,-00.000929000000,-116.00000,
,,,-00.000928000000,-116.00000,
,,,-00.000927000000,-116.00000,
,,,-00.000926000000,-116.00000,
,,,-00.000925000000,-116.00000,
,,,-00.000924000000,-116.00000,
,,,-00.000923000000,-118.00000,
,,,-00.000922000000,-116.00000,
,,,-00.000921000000,-116.00000,
,,,-00.000920000000,-116.00000,
,,,-00.000919000000,-118.00000,
,,,-00.000918000000,-116.00000,
,,,-00.000917000000,-118.00000,
,,,-00.000916000000,-116.00000,
,,,-00.000915000000,-116.00000,
,,,-00.000914000000,-118.00000,
,,,-00.000913000000,-116.00000,
,,,-00.000912000000,-116.00000,
,,,-00.000911000000,-116.00000,
,,,-00.000910000000,-116.00000,
,,,-00.000909000000,-116.00000,
,,,-00.000908000000,-116.00000,
,,,-00.000907000000,-116.00000,
,,,-00.000906000000,-116.00000,
,,,-00.000905000000,-116.00000,
,,,-00.000904000000,-116.00000,
,,,-00.000903000000,-116.00000,
,,,-00.000902000000,-116.00000,
,,,-00.000901000000,-116.00000,
,,,-00.000900000000,-116.00000,
,,,-00.000899000000,-116.00000,
,,,-00.000898000000,-116.00000,
,,,-00.000897000000,-116.00000,
,,,-00.000896000000,-116.00000,
,,,-00.000895000000,-116.00000,
,,,-00.000894000000,-116.00000,
,,,-00.000893000000,-116.00000,
,,,-00.000892000000,-116.00000,
,,,-00.000891000000,-116.00000,
,,,-00.000890000000,-116.00000,
,,,-00.000889000000,-116.00000,
,,,-00.000888000000,-116.00000,
,,,-00.000887000000,-116.00000,
,,,-00.000886000000,-116.00000,
,,,-00.000885000000,-116.00000,
,,,-00.000884000000,-116.00000,
,,,-00.000883000000,-116.00000,
,,,-00.000882000000,-116.00000,
,,,-00.000881000000,-116.00000,
,,,-00.000880000000,-116.00000,
,,,-00.000879000000,-116.00000,
,,,-00.000878000000,-116.00000,
,,,-00.000877000000,-116.00000,
,,,-00.000876000000,-118.00000,
,,,-00.000875000000,-116.00000,
,,,-00.000874000000,-116.00000,
,,,-00.000873000000,-116.00000,
,,,-00.000872000000,-116.00000,
,,,-00.000871000000,-116.00000,
,,,-00.000870000000,-116.00000,
,,,-00.000869000000,-116.00000,
,,,-00.000868000000,-116.00000,
,,,-00.000867000000,-116.00000,
,,,-00.000866000000,-116.00000,
,,,-00.000865000000,-116.00000,
,,,-00.000864000000,-116.00000,
,,,-00.000863000000,-116.00000,
,,,-00.000862000000,-116.00000,
,,,-00.000861000000,-116.00000,
,,,-00.000860000000,-116.00000,
,,,-00.000859000000,-118.00000,
,,,-00.000858000000,-116.00000,
,,,-00.000857000000,-116.00000,
,,,-00.000856000000,-116.00000,
,,,-00.000855000000,-116.00000,
,,,-00.000854000000,-116.00000,
,,,-00.000853000000,-116.00000,
,,,-00.000852000000,-116.00000,
,,,-00.000851000000,-116.00000,
,,,-00.000850000000,-116.00000,
,,,-00.000849000000,-116.00000,
,,,-00.000848000000,-116.00000,
,,,-00.000847000000,-116.00000,
,,,-00.000846000000,-116.00000,
,,,-00.000845000000,-116.00000,
,,,-00.000844000000,-116.00000,
,,,-00.000843000000,-116.00000,
,,,-00.000842000000,-116.00000,
,,,-00.000841000000,-116.00000,
,,,-00.000840000000,-118.00000,
,,,-00.000839000000,-116.00000,
,,,-00.000838000000,-116.00000,
,,,-00.000837000000,-116.00000,
,,,-00.000836000000,-116.00000,
,,,-00.000835000000,-116.00000,
,,,-00.000834000000,-116.00000,
,,,-00.000833000000,-116.00000,
,,,-00.000832000000,-116.00000,
,,,-00.000831000000,-116.00000,
,,,-00.000830000000,-116.00000,
,,,-00.000829000000,-118.00000,
,,,-00.000828000000,-116.00000,
,,,-00.000827000000,-116.00000,
,,,-00.000826000000,-116.00000,
,,,-00.000825000000,-116.00000,
,,,-00.000824000000,-116.00000,
,,,-00.000823000000,-116.00000,
,,,-00.000822000000,-116.00000,
,,,-00.000821000000,-118.00000,
,,,-00.000820000000,-118.00000,
,,,-00.000819000000,-116.00000,
,,,-00.000818000000,-116.00000,
,,,-00.000817000000,-118.00000,
,,,-00.000816000000,-118.00000,
,,,-00.000815000000,-116.00000,
,,,-00.000814000000,-116.00000,
,,,-00.000813000000,-118.00000,
,,,-00.000812000000,-116.00000,
,,,-00.000811000000,-118.00000,
,,,-00.000810000000,-118.00000,
,,,-00.000809000000,-116.00000,
,,,-00.000808000000,-118.00000,
,,,-00.000807000000,-118.00000,
,,,-00.000806000000,-116.00000,
,,,-00.000805000000,-116.00000,
,,,-00.000804000000,-118.00000,
,,,-00.000803000000,-118.00000,
,,,-00.000802000000,-118.00000,
,,,-00.000801000000,-116.00000,
,,,-00.000800000000,-118.00000,
,,,-00.000799000000,-116.00000,
,,,-00.000798000000,-116.00000,
,,,-00.000797000000,-118.00000,
,,,-00.000796000000,-118.00000,
,,,-00.000795000000,-116.00000,
,,,-00.000794000000,-116.00000,
,,,-00.000793000000,-118.00000,
,,,-00.000792000000,-116.00000,
,,,-00.000791000000,-118.00000,
,,,-00.000790000000,-116.00000,
,,,-00.000789000000,-116.00000,
,,,-00.000788000000,-118.00000,
,,,-00.000787000000,-116.00000,
,,,-00.000786000000,-116.00000,
,,,-00.000785000000,-118.00000,
,,,-00.000784000000,-118.00000,
,,,-00.000783000000,-116.00000,
,,,-00.000782000000,-116.00000,
,,,-00.000781000000,-116.00000,
,,,-00.000780000000,-116.00000,
,,,-00.000779000000,-116.00000,
,,,-00.000778000000,-116.00000,
,,,-00.000777000000,-116.00000,
,,,-00.000776000000,-116.00000,
,,,-00.000775000000,-116.00000,
,,,-00.000774000000,-116.00000,
,,,-00.000773000000,-116.00000,
,,,-00.000772000000,-116.00000,
,,,-00.000771000000,-116.00000,
,,,-00.000770000000,-116.00000,
,,,-00.000769000000,-116.00000,
,,,-00.000768000000,-116.00000,
,,,-00.000767000000,-116.00000,
,,,-00.000766000000,-116.00000,
,,,-00.000765000000,-116.00000,
,,,-00.000764000000,-116.00000,
,,,-00.000763000000,-116.00000,
,,,-00.000762000000,-118.00000,
,,,-00.000761000000,-118.00000,
,,,-00.000760000000,-116.00000,
,,,-00.000759000000,-116.00000,
,,,-00.000758000000,-116.00000,
,,,-00.000757000000,-116.00000,
,,,-00.000756000000,-116.00000,
,,,-00.000755000000,-116.00000,
,,,-00.000754000000,-118.00000,
,,,-00.000753000000,-116.00000,
,,,-00.000752000000,-118.00000,
,,,-00.000751000000,-116.00000,
,,,-00.000750000000,-116.00000,
,,,-00.000749000000,-116.00000,
,,,-00.000748000000,-116.00000,
,,,-00.000747000000,-116.00000,
,,,-00.000746000000,-116.00000,
,,,-00.000745000000,-116.00000,
,,,-00.000744000000,-116.00000,
,,,-00.000743000000,-116.00000,
,,,-00.000742000000,-116.00000,
,,,-00.000741000000,-116.00000,
,,,-00.000740000000,-116.00000,
,,,-00.000739000000,-118.00000,
,,,-00.000738000000,-116.00000,
,,,-00.000737000000,-116.00000,
,,,-00.000736000000,-116.00000,
,,,-00.000735000000,-116.00000,
,,,-00.000734000000,-118.00000,
,,,-00.000733000000,-116.00000,
,,,-00.000732000000,-116.00000,
,,,-00.000731000000,-116.00000,
,,,-00.000730000000,-116.00000,
,,,-00.000729000000,-116.00000,
,,,-00.000728000000,-116.00000,
,,,-00.000727000000,-116.00000,
,,,-00.000726000000,-118.00000,
,,,-00.000725000000,-118.00000,
,,,-00.000724000000,-116.00000,
,,,-00.000723000000,-116.00000,
,,,-00.000722000000,-116.00000,
,,,-00.000721000000,-116.00000,
,,,-00.000720000000,-116.00000,
,,,-00.000719000000,-116.00000,
,,,-00.000718000000,-116.00000,
,,,-00.000717000000,-116.00000,
,,,-00.000716000000,-116.00000,
,,,-00.000715000000,-116.00000,
,,,-00.000714000000,-116.00000,
,,,-00.000713000000,-116.00000,
,,,-00.000712000000,-116.00000,
,,,-00.000711000000,-116.00000,
,,,-00.000710000000,-116.00000,
,,,-00.000709000000,-116.00000,
,,,-00.000708000000,-116.00000,
,,,-00.000707000000,-116.00000,
,,,-00.000706000000,-116.00000,
,,,-00.000705000000,-116.00000,
,,,-00.000704000000,-116.00000,
,,,-00.000703000000,-116.00000,
,,,-00.000702000000,-116.00000,
,,,-00.000701000000,-116.00000,
,,,-00.000700000000,-116.00000,
,,,-00.000699000000,-116.00000,
,,,-00.000698000000,-116.00000,
,,,-00.000697000000,-116.00000,
,,,-00.000696000000,-116.00000,
,,,-00.000695000000,-116.00000,
,,,-00.000694000000,-116.00000,
,,,-00.000693000000,-116.00000,
,,,-00.000692000000,-116.00000,
,,,-00.000691000000,-116.00000,
,,,-00.000690000000,-116.00000,
,,,-00.000689000000,-116.00000,
,,,-00.000688000000,-116.00000,
,,,-00.000687000000,-116.00000,
,,,-00.000686000000,-116.00000,
,,,-00.000685000000,-116.00000,
,,,-00.000684000000,-116.00000,
,,,-00.000683000000,-116.00000,
,,,-00.000682000000,-116.00000,
,,,-00.000681000000,-116.00000,
,,,-00.000680000000,-116.00000,
,,,-00.000679000000,-116.00000,
,,,-00.000678000000,-116.00000,
,,,-00.000677000000,-116.00000,
,,,-00.000676000000,-116.00000,
,,,-00.000675000000,-116.00000,
,,,-00.000674000000,-118.00000,
,,,-00.000673000000,-116.00000,
,,,-00.000672000000,-116.00000,
,,,-00.000671000000,-116.00000,
,,,-00.000670000000,-114.00000,
,,,-00.000669000000,-112.00000,
,,,-00.000668000000, 114.00000,
,,,-00.000667000000, 116.00000,
,,,-00.000666000000, 116.00000,
,,,-00.000665000000, 116.00000,
,,,-00.000664000000, 116.00000,
,,,-00.000663000000, 116.00000,
,,,-00.000662000000, 118.00000,
,,,-00.000661000000, 118.00000,
,,,-00.000660000000, 118.00000,
,,,-00.000659000000, 118.00000,
,,,-00.000658000000, 118.00000,
,,,-00.000657000000, 118.00000,
,,,-00.000656000000, 118.00000,
,,,-00.000655000000, 118.00000,
,,,-00.000654000000, 118.00000,
,,,-00.000653000000, 120.00000,
,,,-00.000652000000, 118.00000,
,,,-00.000651000000, 120.00000,
,,,-00.000650000000, 118.00000,
,,,-00.000649000000, 118.00000,
,,,-00.000648000000, 118.00000,
,,,-00.000647000000, 120.00000,
,,,-00.000646000000, 120.00000,
,,,-00.000645000000, 118.00000,
,,,-00.000644000000, 120.00000,
,,,-00.000643000000, 118.00000,
,,,-00.000642000000, 120.00000,
,,,-00.000641000000, 120.00000,
,,,-00.000640000000, 120.00000,
,,,-00.000639000000, 118.00000,
,,,-00.000638000000, 118.00000,
,,,-00.000637000000, 118.00000,
,,,-00.000636000000, 120.00000,
,,,-00.000635000000, 118.00000,
,,,-00.000634000000, 120.00000,
,,,-00.000633000000, 120.00000,
,,,-00.000632000000, 118.00000,
,,,-00.000631000000, 118.00000,
,,,-00.000630000000, 120.00000,
,,,-00.000629000000, 120.00000,
,,,-00.000628000000, 120.00000,
,,,-00.000627000000, 120.00000,
,,,-00.000626000000, 120.00000,
,,,-00.000625000000, 118.00000,
,,,-00.000624000000, 120.00000,
,,,-00.000623000000, 120.00000,
,,,-00.000622000000, 120.00000,
,,,-00.000621000000, 120.00000,
,,,-00.000620000000, 118.00000,
,,,-00.000619000000, 118.00000,
,,,-00.000618000000, 120.00000,
,,,-00.000617000000, 118.00000,
,,,-00.000616000000, 118.00000,
,,,-00.000615000000, 120.00000,
,,,-00.000614000000, 118.00000,
,,,-00.000613000000, 118.00000,
,,,-00.000612000000, 118.00000,
,,,-00.000611000000, 120.00000,
,,,-00.000610000000, 120.00000,
,,,-00.000609000000, 120.00000,
,,,-00.000608000000, 118.00000,
,,,-00.000607000000, 120.00000,
,,,-00.000606000000, 120.00000,
,,,-00.000605000000, 120.00000,
,,,-00.000604000000, 120.00000,
,,,-00.000603000000, 120.00000,
,,,-00.000602000000, 118.00000,
,,,-00.000601000000, 120.00000,
,,,-00.000600000000, 120.00000,
,,,-00.000599000000, 120.00000,
,,,-00.000598000000, 120.00000,
,,,-00.000597000000, 120.00000,
,,,-00.000596000000, 120.00000,
,,,-00.000595000000, 120.00000,
,,,-00.000594000000, 120.00000,
,,,-00.000593000000, 120.00000,
,,,-00.000592000000, 120.00000,
,,,-00.000591000000, 118.00000,
,,,-00.000590000000, 120.00000,
,,,-00.000589000000, 120.00000,
,,,-00.000588000000, 120.00000,
,,,-00.000587000000, 120.00000,
,,,-00.000586000000, 120.00000,
,,,-00.000585000000, 120.00000,
,,,-00.000584000000, 120.00000,
,,,-00.000583000000, 120.00000,
,,,-00.000582000000, 120.00000,
,,,-00.000581000000, 118.00000,
,,,-00.000580000000, 118.00000,
,,,-00.000579000000, 118.00000,
,,,-00.000578000000, 120.00000,
,,,-00.000577000000, 120.00000,
,,,-00.000576000000, 118.00000,
,,,-00.000575000000, 120.00000,
,,,-00.000574000000, 120.00000,
,,,-00.000573000000, 120.00000,
,,,-00.000572000000, 120.00000,
,,,-00.000571000000, 120.00000,
,,,-00.000570000000, 120.00000,
,,,-00.000569000000, 120.00000,
,,,-00.000568000000, 118.00000,
,,,-00.000567000000, 118.00000,
,,,-00.000566000000, 118.00000,
,,,-00.000565000000, 118.00000,
,,,-00.000564000000, 120.00000,
,,,-00.000563000000, 118.00000,
,,,-00.000562000000, 120.00000,
,,,-00.000561000000, 120.00000,
,,,-00.000560000000, 120.00000,
,,,-00.000559000000, 118.00000,
,,,-00.000558000000, 120.00000,
,,,-00.000557000000, 118.00000,
,,,-00.000556000000, 120.00000,
,,,-00.000555000000, 120.00000,
,,,-00.000554000000, 118.00000,
,,,-00.000553000000, 120.00000,
,,,-00.000552000000, 120.00000,
,,,-00.000551000000, 120.00000,
,,,-00.000550000000, 120.00000,
,,,-00.000549000000, 120.00000,
,,,-00.000548000000, 118.00000,
,,,-00.000547000000, 120.00000,
,,,-00.000546000000, 120.00000,
,,,-00.000545000000, 120.00000,
,,,-00.000544000000, 120.00000,
,,,-00.000543000000, 120.00000,
,,,-00.000542000000, 120.00000,
,,,-00.000541000000, 118.00000,
,,,-00.000540000000, 120.00000,
,,,-00.000539000000, 120.00000,
,,,-00.000538000000, 118.00000,
,,,-00.000537000000, 118.00000,
,,,-00.000536000000, 120.00000,
,,,-00.000535000000, 120.00000,
,,,-00.000534000000, 120.00000,
,,,-00.000533000000, 120.00000,
,,,-00.000532000000, 120.00000,
,,,-00.000531000000, 120.00000,
,,,-00.000530000000, 120.00000,
,,,-00.000529000000, 120.00000,
,,,-00.000528000000, 120.00000,
,,,-00.000527000000, 120.00000,
,,,-00.000526000000, 118.00000,
,,,-00.000525000000, 118.00000,
,,,-00.000524000000, 120.00000,
,,,-00.000523000000, 118.00000,
,,,-00.000522000000, 118.00000,
,,,-00.000521000000, 120.00000,
,,,-00.000520000000, 120.00000,
,,,-00.000519000000, 120.00000,
,,,-00.000518000000, 120.00000,
,,,-00.000517000000, 120.00000,
,,,-00.000516000000, 120.00000,
,,,-00.000515000000, 120.00000,
,,,-00.000514000000, 120.00000,
,,,-00.000513000000, 120.00000,
,,,-00.000512000000, 118.00000,
,,,-00.000511000000, 120.00000,
,,,-00.000510000000, 118.00000,
,,,-00.000509000000, 120.00000,
,,,-00.000508000000, 118.00000,
,,,-00.000507000000, 120.00000,
,,,-00.000506000000, 120.00000,
,,,-00.000505000000, 120.00000,
,,,-00.000504000000, 120.00000,
,,,-00.000503000000, 118.00000,
,,,-00.000502000000, 118.00000,
,,,-00.000501000000, 120.00000,
,,,-00.000500000000, 118.00000,
,,,-00.000499000000, 118.00000,
,,,-00.000498000000, 120.00000,
,,,-00.000497000000, 120.00000,
,,,-00.000496000000, 120.00000,
,,,-00.000495000000, 120.00000,
,,,-00.000494000000, 120.00000,
,,,-00.000493000000, 118.00000,
,,,-00.000492000000, 120.00000,
,,,-00.000491000000, 120.00000,
,,,-00.000490000000, 120.00000,
,,,-00.000489000000, 120.00000,
,,,-00.000488000000, 120.00000,
,,,-00.000487000000, 120.00000,
,,,-00.000486000000, 120.00000,
,,,-00.000485000000, 120.00000,
,,,-00.000484000000, 120.00000,
,,,-00.000483000000, 120.00000,
,,,-00.000482000000, 120.00000,
,,,-00.000481000000, 120.00000,
,,,-00.000480000000, 120.00000,
,,,-00.000479000000, 120.00000,
,,,-00.000478000000, 120.00000,
,,,-00.000477000000, 120.00000,
,,,-00.000476000000, 120.00000,
,,,-00.000475000000, 120.00000,
,,,-00.000474000000, 120.00000,
,,,-00.000473000000, 120.00000,
,,,-00.000472000000, 118.00000,
,,,-00.000471000000, 120.00000,
,,,-00.000470000000, 120.00000,
,,,-00.000469000000, 120.00000,
,,,-00.000468000000, 120.00000,
,,,-00.000467000000, 120.00000,
,,,-00.000466000000, 120.00000,
,,,-00.000465000000, 120.00000,
,,,-00.000464000000, 120.00000,
,,,-00.000463000000, 120.00000,
,,,-00.000462000000, 120.00000,
,,,-00.000461000000, 120.00000,
,,,-00.000460000000, 120.00000,
,,,-00.000459000000, 120.00000,
,,,-00.000458000000, 120.00000,
,,,-00.000457000000, 120.00000,
,,,-00.000456000000, 120.00000,
,,,-00.000455000000, 120.00000,
,,,-00.000454000000, 120.00000,
,,,-00.000453000000, 120.00000,
,,,-00.000452000000, 120.00000,
,,,-00.000451000000, 120.00000,
,,,-00.000450000000, 120.00000,
,,,-00.000449000000, 120.00000,
,,,-00.000448000000, 120.00000,
,,,-00.000447000000, 118.00000,
,,,-00.000446000000, 120.00000,
,,,-00.000445000000, 120.00000,
,,,-00.000444000000, 118.00000,
,,,-00.000443000000, 120.00000,
,,,-00.000442000000, 118.00000,
,,,-00.000441000000, 120.00000,
,,,-00.000440000000, 118.00000,
,,,-00.000439000000, 120.00000,
,,,-00.000438000000, 120.00000,
,,,-00.000437000000, 120.00000,
,,,-00.000436000000, 120.00000,
,,,-00.000435000000, 120.00000,
,,,-00.000434000000, 120.00000,
,,,-00.000433000000, 120.00000,
,,,-00.000432000000, 120.00000,
,,,-00.000431000000, 120.00000,
,,,-00.000430000000, 120.00000,
,,,-00.000429000000, 120.00000,
,,,-00.000428000000, 120.00000,
,,,-00.000427000000, 120.00000,
,,,-00.000426000000, 120.00000,
,,,-00.000425000000, 120.00000,
,,,-00.000424000000, 120.00000,
,,,-00.000423000000, 118.00000,
,,,-00.000422000000, 120.00000,
,,,-00.000421000000, 120.00000,
,,,-00.000420000000, 120.00000,
,,,-00.000419000000, 120.00000,
,,,-00.000418000000, 120.00000,
,,,-00.000417000000, 120.00000,
,,,-00.000416000000, 120.00000,
,,,-00.000415000000, 120.00000,
,,,-00.000414000000, 120.00000,
,,,-00.000413000000, 120.00000,
,,,-00.000412000000, 120.00000,
,,,-00.000411000000, 120.00000,
,,,-00.000410000000, 120.00000,
,,,-00.000409000000, 120.00000,
,,,-00.000408000000, 120.00000,
,,,-00.000407000000, 120.00000,
,,,-00.000406000000, 120.00000,
,,,-00.000405000000, 120.00000,
,,,-00.000404000000, 120.00000,
,,,-00.000403000000, 120.00000,
,,,-00.000402000000, 120.00000,
,,,-00.000401000000, 120.00000,
,,,-00.000400000000, 118.00000,
,,,-00.000399000000, 118.00000,
,,,-00.000398000000, 118.00000,
,,,-00.000397000000, 118.00000,
,,,-00.000396000000, 116.00000,
,,,-00.000395000000,-112.00000,
,,,-00.000394000000,-112.00000,
,,,-00.000393000000,-112.00000,
,,,-00.000392000000,-114.00000,
,,,-00.000391000000,-114.00000,
,,,-00.000390000000,-114.00000,
,,,-00.000389000000,-116.00000,
,,,-00.000388000000,-114.00000,
,,,-00.000387000000,-114.00000,
,,,-00.000386000000,-116.00000,
,,,-00.000385000000,-116.00000,
,,,-00.000384000000,-116.00000,
,,,-00.000383000000,-114.00000,
,,,-00.000382000000,-116.00000,
,,,-00.000381000000,-116.00000,
,,,-00.000380000000,-116.00000,
,,,-00.000379000000,-116.00000,
,,,-00.000378000000,-116.00000,
,,,-00.000377000000,-116.00000,
,,,-00.000376000000,-116.00000,
,,,-00.000375000000,-116.00000,
,,,-00.000374000000,-116.00000,
,,,-00.000373000000,-116.00000,
,,,-00.000372000000,-116.00000,
,,,-00.000371000000,-116.00000,
,,,-00.000370000000,-116.00000,
,,,-00.000369000000,-116.00000,
,,,-00.000368000000,-116.00000,
,,,-00.000367000000,-116.00000,
,,,-00.000366000000,-116.00000,
,,,-00.000365000000,-116.00000,
,,,-00.000364000000,-116.00000,
,,,-00.000363000000,-118.00000,
,,,-00.000362000000,-118.00000,
,,,-00.000361000000,-116.00000,
,,,-00.000360000000,-116.00000,
,,,-00.000359000000,-116.00000,
,,,-00.000358000000,-118.00000,
,,,-00.000357000000,-116.00000,
,,,-00.000356000000,-118.00000,
,,,-00.000355000000,-116.00000,
,,,-00.000354000000,-116.00000,
,,,-00.000353000000,-116.00000,
,,,-00.000352000000,-116.00000,
,,,-00.000351000000,-116.00000,
,,,-00.000350000000,-116.00000,
,,,-00.000349000000,-116.00000,
,,,-00.000348000000,-116.00000,
,,,-00.000347000000,-116.00000,
,,,-00.000346000000,-116.00000,
,,,-00.000345000000,-116.00000,
,,,-00.000344000000,-116.00000,
,,,-00.000343000000,-116.00000,
,,,-00.000342000000,-116.00000,
,,,-00.000341000000,-116.00000,
,,,-00.000340000000,-116.00000,
,,,-00.000339000000,-116.00000,
,,,-00.000338000000,-116.00000,
,,,-00.000337000000,-116.00000,
,,,-00.000336000000,-116.00000,
,,,-00.000335000000,-116.00000,
,,,-00.000334000000,-116.00000,
,,,-00.000333000000,-116.00000,
,,,-00.000332000000,-116.00000,
,,,-00.000331000000,-116.00000,
,,,-00.000330000000,-116.00000,
,,,-00.000329000000,-116.00000,
,,,-00.000328000000,-116.00000,
,,,-00.000327000000,-116.00000,
,,,-00.000326000000,-116.00000,
,,,-00.000325000000,-118.00000,
,,,-00.000324000000,-116.00000,
,,,-00.000323000000,-116.00000,
,,,-00.000322000000,-116.00000,
,,,-00.000321000000,-116.00000,
,,,-00.000320000000,-116.00000,
,,,-00.000319000000,-116.00000,
,,,-00.000318000000,-116.00000,
,,,-00.000317000000,-116.00000,
,,,-00.000316000000,-116.00000,
,,,-00.000315000000,-116.00000,
,,,-00.000314000000,-116.00000,
,,,-00.000313000000,-116.00000,
,,,-00.000312000000,-116.00000,
,,,-00.000311000000,-116.00000,
,,,-00.000310000000,-116.00000,
,,,-00.000309000000,-116.00000,
,,,-00.000308000000,-116.00000,
,,,-00.000307000000,-116.00000,
,,,-00.000306000000,-116.00000,
,,,-00.000305000000,-116.00000,
,,,-00.000304000000,-116.00000,
,,,-00.000303000000,-116.00000,
,,,-00.000302000000,-116.00000,
,,,-00.000301000000,-116.00000,
,,,-00.000300000000,-118.00000,
,,,-00.000299000000,-116.00000,
,,,-00.000298000000,-116.00000,
,,,-00.000297000000,-116.00000,
,,,-00.000296000000,-116.00000,
,,,-00.000295000000,-116.00000,
,,,-00.000294000000,-116.00000,
,,,-00.000293000000,-116.00000,
,,,-00.000292000000,-116.00000,
,,,-00.000291000000,-116.00000,
,,,-00.000290000000,-116.00000,
,,,-00.000289000000,-116.00000,
,,,-00.000288000000,-116.00000,
,,,-00.000287000000,-116.00000,
,,,-00.000286000000,-116.00000,
,,,-00.000285000000,-116.00000,
,,,-00.000284000000,-116.00000,
,,,-00.000283000000,-116.00000,
,,,-00.000282000000,-116.00000,
,,,-00.000281000000,-116.00000,
,,,-00.000280000000,-116.00000,
,,,-00.000279000000,-116.00000,
,,,-00.000278000000,-116.00000,
,,,-00.000277000000,-116.00000,
,,,-00.000276000000,-116.00000,
,,,-00.000275000000,-116.00000,
,,,-00.000274000000,-116.00000,
,,,-00.000273000000,-116.00000,
,,,-00.000272000000,-116.00000,
,,,-00.000271000000,-116.00000,
,,,-00.000270000000,-116.00000,
,,,-00.000269000000,-116.00000,
,,,-00.000268000000,-116.00000,
,,,-00.000267000000,-116.00000,
,,,-00.000266000000,-116.00000,
,,,-00.000265000000,-116.00000,
,,,-00.000264000000,-116.00000,
,,,-00.000263000000,-116.00000,
,,,-00.000262000000,-118.00000,
,,,-00.000261000000,-116.00000,
,,,-00.000260000000,-116.00000,
,,,-00.000259000000,-116.00000,
,,,-00.000258000000,-118.00000,
,,,-00.000257000000,-116.00000,
,,,-00.000256000000,-116.00000,
,,,-00.000255000000,-116.00000,
,,,-00.000254000000,-116.00000,
,,,-00.000253000000,-116.00000,
,,,-00.000252000000,-116.00000,
,,,-00.000251000000,-116.00000,
,,,-00.000250000000,-116.00000,
,,,-00.000249000000,-118.00000,
,,,-00.000248000000,-118.00000,
,,,-00.000247000000,-118.00000,
,,,-00.000246000000,-116.00000,
,,,-00.000245000000,-116.00000,
,,,-00.000244000000,-116.00000,
,,,-00.000243000000,-116.00000,
,,,-00.000242000000,-116.00000,
,,,-00.000241000000,-116.00000,
,,,-00.000240000000,-116.00000,
,,,-00.000239000000,-116.00000,
,,,-00.000238000000,-116.00000,
,,,-00.000237000000,-116.00000,
,,,-00.000236000000,-116.00000,
,,,-00.000235000000,-116.00000,
,,,-00.000234000000,-118.00000,
,,,-00.000233000000,-118.00000,
,,,-00.000232000000,-116.00000,
,,,-00.000231000000,-116.00000,
,,,-00.000230000000,-118.00000,
,,,-00.000229000000,-116.00000,
,,,-00.000228000000,-118.00000,
,,,-00.000227000000,-116.00000,
,,,-00.000226000000,-118.00000,
,,,-00.000225000000,-118.00000,
,,,-00.000224000000,-118.00000,
,,,-00.000223000000,-116.00000,
,,,-00.000222000000,-118.00000,
,,,-00.000221000000,-118.00000,
,,,-00.000220000000,-116.00000,
,,,-00.000219000000,-116.00000,
,,,-00.000218000000,-116.00000,
,,,-00.000217000000,-116.00000,
,,,-00.000216000000,-116.00000,
,,,-00.000215000000,-116.00000,
,,,-00.000214000000,-116.00000,
,,,-00.000213000000,-116.00000,
,,,-00.000212000000,-116.00000,
,,,-00.000211000000,-116.00000,
,,,-00.000210000000,-118.00000,
,,,-00.000209000000,-116.00000,
,,,-00.000208000000,-116.00000,
,,,-00.000207000000,-116.00000,
,,,-00.000206000000,-116.00000,
,,,-00.000205000000,-114.00000,
,,,-00.000204000000,-116.00000,
,,,-00.000203000000,-116.00000,
,,,-00.000202000000,-116.00000,
,,,-00.000201000000,-116.00000,
,,,-00.000200000000,-116.00000,
,,,-00.000199000000,-116.00000,
,,,-00.000198000000,-116.00000,
,,,-00.000197000000,-116.00000,
,,,-00.000196000000,-116.00000,
,,,-00.000195000000,-116.00000,
,,,-00.000194000000,-116.00000,
,,,-00.000193000000,-116.00000,
,,,-00.000192000000,-116.00000,
,,,-00.000191000000,-116.00000,
,,,-00.000190000000,-118.00000,
,,,-00.000189000000,-116.00000,
,,,-00.000188000000,-116.00000,
,,,-00.000187000000,-116.00000,
,,,-00.000186000000,-116.00000,
,,,-00.000185000000,-116.00000,
,,,-00.000184000000,-116.00000,
,,,-00.000183000000,-116.00000,
,,,-00.000182000000,-116.00000,
,,,-00.000181000000,-116.00000,
,,,-00.000180000000,-116.00000,
,,,-00.000179000000,-116.00000,
,,,-00.000178000000,-116.00000,
,,,-00.000177000000,-116.00000,
,,,-00.000176000000,-116.00000,
,,,-00.000175000000,-116.00000,
,,,-00.000174000000,-116.00000,
,,,-00.000173000000,-116.00000,
,,,-00.000172000000,-116.00000,
,,,-00.000171000000,-116.00000,
,,,-00.000170000000,-116.00000,
,,,-00.000169000000,-116.00000,
,,,-00.000168000000,-116.00000,
,,,-00.000167000000,-116.00000,
,,,-00.000166000000,-116.00000,
,,,-00.000165000000,-116.00000,
,,,-00.000164000000,-118.00000,
,,,-00.000163000000,-116.00000,
,,,-00.000162000000,-118.00000,
,,,-00.000161000000,-116.00000,
,,,-00.000160000000,-116.00000,
,,,-00.000159000000,-116.00000,
,,,-00.000158000000,-116.00000,
,,,-00.000157000000,-116.00000,
,,,-00.000156000000,-116.00000,
,,,-00.000155000000,-116.00000,
,,,-00.000154000000,-116.00000,
,,,-00.000153000000,-116.00000,
,,,-00.000152000000,-116.00000,
,,,-00.000151000000,-118.00000,
,,,-00.000150000000,-116.00000,
,,,-00.000149000000,-116.00000,
,,,-00.000148000000,-116.00000,
,,,-00.000147000000,-116.00000,
,,,-00.000146000000,-116.00000,
,,,-00.000145000000,-116.00000,
,,,-00.000144000000,-116.00000,
,,,-00.000143000000,-116.00000,
,,,-00.000142000000,-116.00000,
,,,-00.000141000000,-116.00000,
,,,-00.000140000000,-116.00000,
,,,-00.000139000000,-116.00000,
,,,-00.000138000000,-116.00000,
,,,-00.000137000000,-116.00000,
,,,-00.000136000000,-116.00000,
,,,-00.000135000000,-116.00000,
,,,-00.000134000000,-116.00000,
,,,-00.000133000000,-116.00000,
,,,-00.000132000000,-116.00000,
,,,-00.000131000000,-116.00000,
,,,-00.000130000000,-116.00000,
,,,-00.000129000000,-116.00000,
,,,-00.000128000000,-116.00000,
,,,-00.000127000000,-116.00000,
,,,-00.000126000000,-116.00000,
,,,-00.000125000000,-116.00000,
,,,-00.000124000000,-116.00000,
,,,-00.000123000000,-116.00000,
,,,-00.000122000000,-116.00000,
,,,-00.000121000000,-116.00000,
,,,-00.000120000000,-116.00000,
,,,-00.000119000000,-116.00000,
,,,-00.000118000000,-116.00000,
,,,-00.000117000000,-118.00000,
,,,-00.000116000000,-116.00000,
,,,-00.000115000000,-116.00000,
,,,-00.000114000000,-116.00000,
,,,-00.000113000000,-116.00000,
,,,-00.000112000000,-116.00000,
,,,-00.000111000000,-116.00000,
,,,-00.000110000000,-116.00000,
,,,-00.000109000000,-116.00000,
,,,-00.000108000000,-116.00000,
,,,-00.000107000000,-114.00000,
,,,-00.000106000000,-110.00000,
,,,-00.000105000000, 114.00000,
,,,-00.000104000000, 116.00000,
,,,-00.000103000000, 116.00000,
,,,-00.000102000000, 116.00000,
,,,-00.000101000000, 116.00000,
,,,-00.000100000000, 118.00000,
,,,-00.000099000000, 118.00000,
,,,-00.000098000000, 118.00000,
,,,-00.000097000000, 118.00000,
,,,-00.000096000000, 118.00000,
,,,-00.000095000000, 118.00000,
,,,-00.000094000000, 118.00000,
,,,-00.000093000000, 118.00000,
,,,-00.000092000000, 118.00000,
,,,-00.000091000000, 118.00000,
,,,-00.000090000000, 120.00000,
,,,-00.000089000000, 118.00000,
,,,-00.000088000000, 120.00000,
,,,-00.000087000000, 120.00000,
,,,-00.000086000000, 118.00000,
,,,-00.000085000000, 120.00000,
,,,-00.000084000000, 120.00000,
,,,-00.000083000000, 120.00000,
,,,-00.000082000000, 118.00000,
,,,-00.000081000000, 118.00000,
,,,-00.000080000000, 120.00000,
,,,-00.000079000000, 118.00000,
,,,-00.000078000000, 118.00000,
,,,-00.000077000000, 118.00000,
,,,-00.000076000000, 118.00000,
,,,-00.000075000000, 120.00000,
,,,-00.000074000000, 120.00000,
,,,-00.000073000000, 118.00000,
,,,-00.000072000000, 120.00000,
,,,-00.000071000000, 120.00000,
,,,-00.000070000000, 120.00000,
,,,-00.000069000000, 118.00000,
,,,-00.000068000000, 118.00000,
,,,-00.000067000000, 120.00000,
,,,-00.000066000000, 118.00000,
,,,-00.000065000000, 118.00000,
,,,-00.000064000000, 120.00000,
,,,-00.000063000000, 120.00000,
,,,-00.000062000000, 120.00000,
,,,-00.000061000000, 118.00000,
,,,-00.000060000000, 118.00000,
,,,-00.000059000000, 120.00000,
,,,-00.000058000000, 120.00000,
,,,-00.000057000000, 118.00000,
,,,-00.000056000000, 120.00000,
,,,-00.000055000000, 120.00000,
,,,-00.000054000000, 120.00000,
,,,-00.000053000000, 118.00000,
,,,-00.000052000000, 120.00000,
,,,-00.000051000000, 120.00000,
,,,-00.000050000000, 120.00000,
,,,-00.000049000000, 120.00000,
,,,-00.000048000000, 120.00000,
,,,-00.000047000000, 120.00000,
,,,-00.000046000000, 118.00000,
,,,-00.000045000000, 120.00000,
,,,-00.000044000000, 120.00000,
,,,-00.000043000000, 120.00000,
,,,-00.000042000000, 120.00000,
,,,-00.000041000000, 118.00000,
,,,-00.000040000000, 118.00000,
,,,-00.000039000000, 120.00000,
,,,-00.000038000000, 120.00000,
,,,-00.000037000000, 118.00000,
,,,-00.000036000000, 118.00000,
,,,-00.000035000000, 120.00000,
,,,-00.000034000000, 118.00000,
,,,-00.000033000000, 120.00000,
,,,-00.000032000000, 120.00000,
,,,-00.000031000000, 120.00000,
,,,-00.000030000000, 120.00000,
,,,-00.000029000000, 120.00000,
,,,-00.000028000000, 120.00000,
,,,-00.000027000000, 118.00000,
,,,-00.000026000000, 120.00000,
,,,-00.000025000000, 118.00000,
,,,-00.000024000000, 120.00000,
,,,-00.000023000000, 120.00000,
,,,-00.000022000000, 118.00000,
,,,-00.000021000000, 120.00000,
,,,-00.000020000000, 120.00000,
,,,-00.000019000000, 118.00000,
,,,-00.000018000000, 120.00000,
,,,-00.000017000000, 118.00000,
,,,-00.000016000000, 120.00000,
,,,-00.000015000000, 120.00000,
,,,-00.000014000000, 120.00000,
,,,-00.000013000000, 120.00000,
,,,-00.000012000000, 118.00000,
,,,-00.000011000000, 120.00000,
,,,-00.000010000000, 120.00000,
,,,-00.000009000000, 120.00000,
,,,-00.000008000000, 120.00000,
,,,-00.000007000000, 118.00000,
,,,-00.000006000000, 120.00000,
,,,-00.000005000000, 118.00000,
,,,-00.000004000000, 120.00000,
,,,-00.000003000000, 120.00000,
,,,-00.000002000000, 118.00000,
,,,-00.000001000000, 120.00000,
,,,-00.000000000000, 120.00000,
,,,00.000001000000, 120.00000,
,,,00.000002000000, 118.00000,
,,,00.000003000000, 118.00000,
,,,00.000004000000, 120.00000,
,,,00.000005000000, 118.00000,
,,,00.000006000000, 120.00000,
,,,00.000007000000, 120.00000,
,,,00.000008000000, 120.00000,
,,,00.000009000000, 120.00000,
,,,00.000010000000, 120.00000,
,,,00.000011000000, 120.00000,
,,,00.000012000000, 118.00000,
,,,00.000013000000, 120.00000,
,,,00.000014000000, 120.00000,
,,,00.000015000000, 120.00000,
,,,00.000016000000, 120.00000,
,,,00.000017000000, 118.00000,
,,,00.000018000000, 120.00000,
,,,00.000019000000, 120.00000,
,,,00.000020000000, 120.00000,
,,,00.000021000000, 120.00000,
,,,00.000022000000, 120.00000,
,,,00.000023000000, 120.00000,
,,,00.000024000000, 118.00000,
,,,00.000025000000, 120.00000,
,,,00.000026000000, 118.00000,
,,,00.000027000000, 120.00000,
,,,00.000028000000, 120.00000,
,,,00.000029000000, 120.00000,
,,,00.000030000000, 118.00000,
,,,00.000031000000, 118.00000,
,,,00.000032000000, 120.00000,
,,,00.000033000000, 120.00000,
,,,00.000034000000, 120.00000,
,,,00.000035000000, 120.00000,
,,,00.000036000000, 120.00000,
,,,00.000037000000, 120.00000,
,,,00.000038000000, 120.00000,
,,,00.000039000000, 118.00000,
,,,00.000040000000, 120.00000,
,,,00.000041000000, 120.00000,
,,,00.000042000000, 120.00000,
,,,00.000043000000, 120.00000,
,,,00.000044000000, 120.00000,
,,,00.000045000000, 120.00000,
,,,00.000046000000, 120.00000,
,,,00.000047000000, 120.00000,
,,,00.000048000000, 120.00000,
,,,00.000049000000, 118.00000,
,,,00.000050000000, 120.00000,
,,,00.000051000000, 120.00000,
,,,00.000052000000, 120.00000,
,,,00.000053000000, 118.00000,
,,,00.000054000000, 120.00000,
,,,00.000055000000, 118.00000,
,,,00.000056000000, 120.00000,
,,,00.000057000000, 120.00000,
,,,00.000058000000, 120.00000,
,,,00.000059000000, 120.00000,
,,,00.000060000000, 120.00000,
,,,00.000061000000, 118.00000,
,,,00.000062000000, 120.00000,
,,,00.000063000000, 120.00000,
,,,00.000064000000, 120.00000,
,,,00.000065000000, 120.00000,
,,,00.000066000000, 120.00000,
,,,00.000067000000, 120.00000,
,,,00.000068000000, 120.00000,
,,,00.000069000000, 120.00000,
,,,00.000070000000, 120.00000,
,,,00.000071000000, 120.00000,
,,,00.000072000000, 120.00000,
,,,00.000073000000, 120.00000,
,,,00.000074000000, 120.00000,
,,,00.000075000000, 120.00000,
,,,00.000076000000, 120.00000,
,,,00.000077000000, 120.00000,
,,,00.000078000000, 120.00000,
,,,00.000079000000, 120.00000,
,,,00.000080000000, 120.00000,
,,,00.000081000000, 120.00000,
,,,00.000082000000, 120.00000,
,,,00.000083000000, 120.00000,
,,,00.000084000000, 120.00000,
,,,00.000085000000, 120.00000,
,,,00.000086000000, 120.00000,
,,,00.000087000000, 120.00000,
,,,00.000088000000, 120.00000,
,,,00.000089000000, 120.00000,
,,,00.000090000000, 120.00000,
,,,00.000091000000, 120.00000,
,,,00.000092000000, 120.00000,
,,,00.000093000000, 120.00000,
,,,00.000094000000, 120.00000,
,,,00.000095000000, 120.00000,
,,,00.000096000000, 120.00000,
,,,00.000097000000, 120.00000,
,,,00.000098000000, 118.00000,
,,,00.000099000000, 120.00000,
,,,00.000100000000, 120.00000,
,,,00.000101000000, 120.00000,
,,,00.000102000000, 120.00000,
,,,00.000103000000, 120.00000,
,,,00.000104000000, 120.00000,
,,,00.000105000000, 120.00000,
,,,00.000106000000, 120.00000,
,,,00.000107000000, 120.00000,
,,,00.000108000000, 120.00000,
,,,00.000109000000, 120.00000,
,,,00.000110000000, 120.00000,
,,,00.000111000000, 120.00000,
,,,00.000112000000, 120.00000,
,,,00.000113000000, 120.00000,
,,,00.000114000000, 120.00000,
,,,00.000115000000, 120.00000,
,,,00.000116000000, 120.00000,
,,,00.000117000000, 120.00000,
,,,00.000118000000, 120.00000,
,,,00.000119000000, 120.00000,
,,,00.000120000000, 120.00000,
,,,00.000121000000, 120.00000,
,,,00.000122000000, 120.00000,
,,,00.000123000000, 120.00000,
,,,00.000124000000, 120.00000,
,,,00.000125000000, 120.00000,
,,,00.000126000000, 120.00000,
,,,00.000127000000, 120.00000,
,,,00.000128000000, 120.00000,
,,,00.000129000000, 120.00000,
,,,00.000130000000, 120.00000,
,,,00.000131000000, 120.00000,
,,,00.000132000000, 120.00000,
,,,00.000133000000, 120.00000,
,,,00.000134000000, 120.00000,
,,,00.000135000000, 120.00000,
,,,00.000136000000, 120.00000,
,,,00.000137000000, 120.00000,
,,,00.000138000000, 120.00000,
,,,00.000139000000, 120.00000,
,,,00.000140000000, 120.00000,
,,,00.000141000000, 120.00000,
,,,00.000142000000, 120.00000,
,,,00.000143000000, 120.00000,
,,,00.000144000000, 120.00000,
,,,00.000145000000, 120.00000,
,,,00.000146000000, 120.00000,
,,,00.000147000000, 120.00000,
,,,00.000148000000, 120.00000,
,,,00.000149000000, 120.00000,
,,,00.000150000000, 120.00000,
,,,00.000151000000, 120.00000,
,,,00.000152000000, 120.00000,
,,,00.000153000000, 120.00000,
,,,00.000154000000, 120.00000,
,,,00.000155000000, 120.00000,
,,,00.000156000000, 120.00000,
,,,00.000157000000, 120.00000,
,,,00.000158000000, 120.00000,
,,,00.000159000000, 118.00000,
,,,00.000160000000, 120.00000,
,,,00.000161000000, 120.00000,
,,,00.000162000000, 118.00000,
,,,00.000163000000, 118.00000,
,,,00.000164000000, 118.00000,
,,,00.000165000000, 118.00000,
,,,00.000166000000, 116.00000,
,,,00.000167000000,-104.00000,
,,,00.000168000000,-112.00000,
,,,00.000169000000,-112.00000,
,,,00.000170000000,-112.00000,
,,,00.000171000000,-114.00000,
,,,00.000172000000,-114.00000,
,,,00.000173000000,-114.00000,
,,,00.000174000000,-114.00000,
,,,00.000175000000,-114.00000,
,,,00.000176000000,-116.00000,
,,,00.000177000000,-116.00000,
,,,00.000178000000,-116.00000,
,,,00.000179000000,-116.00000,
,,,00.000180000000,-116.00000,
,,,00.000181000000,-116.00000,
,,,00.000182000000,-116.00000,
,,,00.000183000000,-116.00000,
,,,00.000184000000,-116.00000,
,,,00.000185000000,-116.00000,
,,,00.000186000000,-116.00000,
,,,00.000187000000,-116.00000,
,,,00.000188000000,-116.00000,
,,,00.000189000000,-116.00000,
,,,00.000190000000,-116.00000,
,,,00.000191000000,-116.00000,
,,,00.000192000000,-114.00000,
,,,00.000193000000,-116.00000,
,,,00.000194000000,-116.00000,
,,,00.000195000000,-118.00000,
,,,00.000196000000,-116.00000,
,,,00.000197000000,-116.00000,
,,,00.000198000000,-116.00000,
,,,00.000199000000,-116.00000,
,,,00.000200000000,-118.00000,
,,,00.000201000000,-116.00000,
,,,00.000202000000,-116.00000,
,,,00.000203000000,-116.00000,
,,,00.000204000000,-116.00000,
,,,00.000205000000,-116.00000,
,,,00.000206000000,-116.00000,
,,,00.000207000000,-116.00000,
,,,00.000208000000,-116.00000,
,,,00.000209000000,-118.00000,
,,,00.000210000000,-116.00000,
,,,00.000211000000,-116.00000,
,,,00.000212000000,-116.00000,
,,,00.000213000000,-116.00000,
,,,00.000214000000,-116.00000,
,,,00.000215000000,-116.00000,
,,,00.000216000000,-116.00000,
,,,00.000217000000,-116.00000,
,,,00.000218000000,-116.00000,
,,,00.000219000000,-116.00000,
,,,00.000220000000,-116.00000,
,,,00.000221000000,-116.00000,
,,,00.000222000000,-116.00000,
,,,00.000223000000,-116.00000,
,,,00.000224000000,-116.00000,
,,,00.000225000000,-116.00000,
,,,00.000226000000,-116.00000,
,,,00.000227000000,-116.00000,
,,,00.000228000000,-116.00000,
,,,00.000229000000,-116.00000,
,,,00.000230000000,-116.00000,
,,,00.000231000000,-116.00000,
,,,00.000232000000,-116.00000,
,,,00.000233000000,-116.00000,
,,,00.000234000000,-116.00000,
,,,00.000235000000,-116.00000,
,,,00.000236000000,-116.00000,
,,,00.000237000000,-116.00000,
,,,00.000238000000,-116.00000,
,,,00.000239000000,-116.00000,
,,,00.000240000000,-116.00000,
,,,00.000241000000,-116.00000,
,,,00.000242000000,-116.00000,
,,,00.000243000000,-116.00000,
,,,00.000244000000,-116.00000,
,,,00.000245000000,-116.00000,
,,,00.000246000000,-116.00000,
,,,00.000247000000,-116.00000,
,,,00.000248000000,-116.00000,
,,,00.000249000000,-116.00000,
,,,00.000250000000,-116.00000,
,,,00.000251000000,-116.00000,
,,,00.000252000000,-116.00000,
,,,00.000253000000,-116.00000,
,,,00.000254000000,-116.00000,
,,,00.000255000000,-118.00000,
,,,00.000256000000,-116.00000,
,,,00.000257000000,-116.00000,
,,,00.000258000000,-116.00000,
,,,00.000259000000,-116.00000,
,,,00.000260000000,-116.00000,
,,,00.000261000000,-116.00000,
,,,00.000262000000,-116.00000,
,,,00.000263000000,-116.00000,
,,,00.000264000000,-116.00000,
,,,00.000265000000,-116.00000,
,,,00.000266000000,-116.00000,
,,,00.000267000000,-116.00000,
,,,00.000268000000,-116.00000,
,,,00.000269000000,-118.00000,
,,,00.000270000000,-116.00000,
,,,00.000271000000,-116.00000,
,,,00.000272000000,-116.00000,
,,,00.000273000000,-116.00000,
,,,00.000274000000,-116.00000,
,,,00.000275000000,-116.00000,
,,,00.000276000000,-116.00000,
,,,00.000277000000,-116.00000,
,,,00.000278000000,-116.00000,
,,,00.000279000000,-116.00000,
,,,00.000280000000,-116.00000,
,,,00.000281000000,-116.00000,
,,,00.000282000000,-116.00000,
,,,00.000283000000,-116.00000,
,,,00.000284000000,-116.00000,
,,,00.000285000000,-116.00000,
,,,00.000286000000,-116.00000,
,,,00.000287000000,-116.00000,
,,,00.000288000000,-116.00000,
,,,00.000289000000,-116.00000,
,,,00.000290000000,-116.00000,
,,,00.000291000000,-116.00000,
,,,00.000292000000,-116.00000,
,,,00.000293000000,-116.00000,
,,,00.000294000000,-116.00000,
,,,00.000295000000,-116.00000,
,,,00.000296000000,-116.00000,
,,,00.000297000000,-116.00000,
,,,00.000298000000,-116.00000,
,,,00.000299000000,-116.00000,
,,,00.000300000000,-116.00000,
,,,00.000301000000,-118.00000,
,,,00.000302000000,-116.00000,
,,,00.000303000000,-118.00000,
,,,00.000304000000,-118.00000,
,,,00.000305000000,-118.00000,
,,,00.000306000000,-116.00000,
,,,00.000307000000,-116.00000,
,,,00.000308000000,-116.00000,
,,,00.000309000000,-118.00000,
,,,00.000310000000,-116.00000,
,,,00.000311000000,-116.00000,
,,,00.000312000000,-116.00000,
,,,00.000313000000,-118.00000,
,,,00.000314000000,-116.00000,
,,,00.000315000000,-116.00000,
,,,00.000316000000,-118.00000,
,,,00.000317000000,-118.00000,
,,,00.000318000000,-116.00000,
,,,00.000319000000,-118.00000,
,,,00.000320000000,-116.00000,
,,,00.000321000000,-118.00000,
,,,00.000322000000,-116.00000,
,,,00.000323000000,-116.00000,
,,,00.000324000000,-118.00000,
,,,00.000325000000,-116.00000,
,,,00.000326000000,-116.00000,
,,,00.000327000000,-118.00000,
,,,00.000328000000,-116.00000,
,,,00.000329000000,-118.00000,
,,,00.000330000000,-116.00000,
,,,00.000331000000,-118.00000,
,,,00.000332000000,-116.00000,
,,,00.000333000000,-116.00000,
,,,00.000334000000,-118.00000,
,,,00.000335000000,-116.00000,
,,,00.000336000000,-118.00000,
,,,00.000337000000,-118.00000,
,,,00.000338000000,-116.00000,
,,,00.000339000000,-118.00000,
,,,00.000340000000,-118.00000,
,,,00.000341000000,-116.00000,
,,,00.000342000000,-116.00000,
,,,00.000343000000,-116.00000,
,,,00.000344000000,-116.00000,
,,,00.000345000000,-116.00000,
,,,00.000346000000,-116.00000,
,,,00.000347000000,-116.00000,
,,,00.000348000000,-118.00000,
,,,00.000349000000,-116.00000,
,,,00.000350000000,-116.00000,
,,,00.000351000000,-118.00000,
,,,00.000352000000,-116.00000,
,,,00.000353000000,-116.00000,
,,,00.000354000000,-116.00000,
,,,00.000355000000,-116.00000,
,,,00.000356000000,-116.00000,
,,,00.000357000000,-116.00000,
,,,00.000358000000,-116.00000,
,,,00.000359000000,-116.00000,
,,,00.000360000000,-116.00000,
,,,00.000361000000,-116.00000,
,,,00.000362000000,-116.00000,
,,,00.000363000000,-116.00000,
,,,00.000364000000,-116.00000,
,,,00.000365000000,-116.00000,
,,,00.000366000000,-116.00000,
,,,00.000367000000,-116.00000,
,,,00.000368000000,-118.00000,
,,,00.000369000000,-116.00000,
,,,00.000370000000,-116.00000,
,,,00.000371000000,-118.00000,
,,,00.000372000000,-116.00000,
,,,00.000373000000,-116.00000,
,,,00.000374000000,-116.00000,
,,,00.000375000000,-118.00000,
,,,00.000376000000,-116.00000,
,,,00.000377000000,-116.00000,
,,,00.000378000000,-116.00000,
,,,00.000379000000,-116.00000,
,,,00.000380000000,-116.00000,
,,,00.000381000000,-116.00000,
,,,00.000382000000,-116.00000,
,,,00.000383000000,-116.00000,
,,,00.000384000000,-116.00000,
,,,00.000385000000,-116.00000,
,,,00.000386000000,-116.00000,
,,,00.000387000000,-116.00000,
,,,00.000388000000,-116.00000,
,,,00.000389000000,-116.00000,
,,,00.000390000000,-116.00000,
,,,00.000391000000,-118.00000,
,,,00.000392000000,-116.00000,
,,,00.000393000000,-116.00000,
,,,00.000394000000,-116.00000,
,,,00.000395000000,-116.00000,
,,,00.000396000000,-118.00000,
,,,00.000397000000,-118.00000,
,,,00.000398000000,-118.00000,
,,,00.000399000000,-116.00000,
,,,00.000400000000,-116.00000,
,,,00.000401000000,-116.00000,
,,,00.000402000000,-116.00000,
,,,00.000403000000,-116.00000,
,,,00.000404000000,-118.00000,
,,,00.000405000000,-116.00000,
,,,00.000406000000,-116.00000,
,,,00.000407000000,-118.00000,
,,,00.000408000000,-116.00000,
,,,00.000409000000,-116.00000,
,,,00.000410000000,-116.00000,
,,,00.000411000000,-118.00000,
,,,00.000412000000,-116.00000,
,,,00.000413000000,-116.00000,
,,,00.000414000000,-116.00000,
,,,00.000415000000,-116.00000,
,,,00.000416000000,-116.00000,
,,,00.000417000000,-116.00000,
,,,00.000418000000,-116.00000,
,,,00.000419000000,-116.00000,
,,,00.000420000000,-116.00000,
,,,00.000421000000,-116.00000,
,,,00.000422000000,-116.00000,
,,,00.000423000000,-116.00000,
,,,00.000424000000,-118.00000,
,,,00.000425000000,-116.00000,
,,,00.000426000000,-116.00000,
,,,00.000427000000,-116.00000,
,,,00.000428000000,-116.00000,
,,,00.000429000000,-116.00000,
,,,00.000430000000,-116.00000,
,,,00.000431000000,-118.00000,
,,,00.000432000000,-116.00000,
,,,00.000433000000,-116.00000,
,,,00.000434000000,-116.00000,
,,,00.000435000000,-116.00000,
,,,00.000436000000,-116.00000,
,,,00.000437000000,-116.00000,
,,,00.000438000000,-116.00000,
,,,00.000439000000,-116.00000,
,,,00.000440000000,-116.00000,
,,,00.000441000000,-116.00000,
,,,00.000442000000,-118.00000,
,,,00.000443000000,-116.00000,
,,,00.000444000000,-116.00000,
,,,00.000445000000,-116.00000,
,,,00.000446000000,-116.00000,
,,,00.000447000000,-118.00000,
,,,00.000448000000,-116.00000,
,,,00.000449000000,-118.00000,
,,,00.000450000000,-116.00000,
,,,00.000451000000,-116.00000,
,,,00.000452000000,-116.00000,
,,,00.000453000000,-116.00000,
,,,00.000454000000,-116.00000,
,,,00.000455000000,-114.00000,
,,,00.000456000000,-114.00000,
,,,00.000457000000, 114.00000,
,,,00.000458000000, 116.00000,
,,,00.000459000000, 116.00000,
,,,00.000460000000, 116.00000,
,,,00.000461000000, 118.00000,
,,,00.000462000000, 118.00000,
,,,00.000463000000, 118.00000,
,,,00.000464000000, 118.00000,
,,,00.000465000000, 118.00000,
,,,00.000466000000, 118.00000,
,,,00.000467000000, 118.00000,
,,,00.000468000000, 118.00000,
,,,00.000469000000, 120.00000,
,,,00.000470000000, 118.00000,
,,,00.000471000000, 118.00000,
,,,00.000472000000, 120.00000,
,,,00.000473000000, 118.00000,
,,,00.000474000000, 120.00000,
,,,00.000475000000, 118.00000,
,,,00.000476000000, 120.00000,
,,,00.000477000000, 120.00000,
,,,00.000478000000, 120.00000,
,,,00.000479000000, 118.00000,
,,,00.000480000000, 118.00000,
,,,00.000481000000, 118.00000,
,,,00.000482000000, 120.00000,
,,,00.000483000000, 118.00000,
,,,00.000484000000, 118.00000,
,,,00.000485000000, 120.00000,
,,,00.000486000000, 118.00000,
,,,00.000487000000, 118.00000,
,,,00.000488000000, 120.00000,
,,,00.000489000000, 118.00000,
,,,00.000490000000, 120.00000,
,,,00.000491000000, 120.00000,
,,,00.000492000000, 118.00000,
,,,00.000493000000, 120.00000,
,,,00.000494000000, 120.00000,
,,,00.000495000000, 120.00000,
,,,00.000496000000, 120.00000,
,,,00.000497000000, 118.00000,
,,,00.000498000000, 120.00000,
,,,00.000499000000, 118.00000,
,,,00.000500000000, 120.00000,
,,,00.000501000000, 120.00000,
,,,00.000502000000, 120.00000,
,,,00.000503000000, 120.00000,
,,,00.000504000000, 118.00000,
,,,00.000505000000, 118.00000,
,,,00.000506000000, 120.00000,
,,,00.000507000000, 118.00000,
,,,00.000508000000, 118.00000,
,,,00.000509000000, 118.00000,
,,,00.000510000000, 118.00000,
,,,00.000511000000, 120.00000,
,,,00.000512000000, 118.00000,
,,,00.000513000000, 120.00000,
,,,00.000514000000, 120.00000,
,,,00.000515000000, 120.00000,
,,,00.000516000000, 120.00000,
,,,00.000517000000, 118.00000,
,,,00.000518000000, 120.00000,
,,,00.000519000000, 118.00000,
,,,00.000520000000, 118.00000,
,,,00.000521000000, 120.00000,
,,,00.000522000000, 120.00000,
,,,00.000523000000, 118.00000,
,,,00.000524000000, 120.00000,
,,,00.000525000000, 118.00000,
,,,00.000526000000, 118.00000,
,,,00.000527000000, 120.00000,
,,,00.000528000000, 120.00000,
,,,00.000529000000, 118.00000,
,,,00.000530000000, 120.00000,
,,,00.000531000000, 120.00000,
,,,00.000532000000, 118.00000,
,,,00.000533000000, 120.00000,
,,,00.000534000000, 118.00000,
,,,00.000535000000, 120.00000,
,,,00.000536000000, 118.00000,
,,,00.000537000000, 120.00000,
,,,00.000538000000, 118.00000,
,,,00.000539000000, 118.00000,
,,,00.000540000000, 120.00000,
,,,00.000541000000, 120.00000,
,,,00.000542000000, 120.00000,
,,,00.000543000000, 120.00000,
,,,00.000544000000, 120.00000,
,,,00.000545000000, 120.00000,
,,,00.000546000000, 120.00000,
,,,00.000547000000, 118.00000,
,,,00.000548000000, 120.00000,
,,,00.000549000000, 118.00000,
,,,00.000550000000, 120.00000,
,,,00.000551000000, 120.00000,
,,,00.000552000000, 120.00000,
,,,00.000553000000, 118.00000,
,,,00.000554000000, 118.00000,
,,,00.000555000000, 120.00000,
,,,00.000556000000, 120.00000,
,,,00.000557000000, 120.00000,
,,,00.000558000000, 120.00000,
,,,00.000559000000, 120.00000,
,,,00.000560000000, 118.00000,
,,,00.000561000000, 120.00000,
,,,00.000562000000, 118.00000,
,,,00.000563000000, 120.00000,
,,,00.000564000000, 118.00000,
,,,00.000565000000, 120.00000,
,,,00.000566000000, 120.00000,
,,,00.000567000000, 118.00000,
,,,00.000568000000, 120.00000,
,,,00.000569000000, 120.00000,
,,,00.000570000000, 120.00000,
,,,00.000571000000, 120.00000,
,,,00.000572000000, 120.00000,
,,,00.000573000000, 120.00000,
,,,00.000574000000, 120.00000,
,,,00.000575000000, 120.00000,
,,,00.000576000000, 120.00000,
,,,00.000577000000, 120.00000,
,,,00.000578000000, 120.00000,
,,,00.000579000000, 118.00000,
,,,00.000580000000, 120.00000,
,,,00.000581000000, 120.00000,
,,,00.000582000000, 120.00000,
,,,00.000583000000, 120.00000,
,,,00.000584000000, 120.00000,
,,,00.000585000000, 120.00000,
,,,00.000586000000, 118.00000,
,,,00.000587000000, 118.00000,
,,,00.000588000000, 118.00000,
,,,00.000589000000, 120.00000,
,,,00.000590000000, 120.00000,
,,,00.000591000000, 118.00000,
,,,00.000592000000, 118.00000,
,,,00.000593000000, 120.00000,
,,,00.000594000000, 120.00000,
,,,00.000595000000, 120.00000,
,,,00.000596000000, 120.00000,
,,,00.000597000000, 120.00000,
,,,00.000598000000, 120.00000,
,,,00.000599000000, 118.00000,
,,,00.000600000000, 118.00000,
,,,00.000601000000, 118.00000,
,,,00.000602000000, 120.00000,
,,,00.000603000000, 120.00000,
,,,00.000604000000, 118.00000,
,,,00.000605000000, 120.00000,
,,,00.000606000000, 120.00000,
,,,00.000607000000, 120.00000,
,,,00.000608000000, 120.00000,
,,,00.000609000000, 120.00000,
,,,00.000610000000, 120.00000,
,,,00.000611000000, 120.00000,
,,,00.000612000000, 120.00000,
,,,00.000613000000, 120.00000,
,,,00.000614000000, 120.00000,
,,,00.000615000000, 120.00000,
,,,00.000616000000, 120.00000,
,,,00.000617000000, 120.00000,
,,,00.000618000000, 120.00000,
,,,00.000619000000, 120.00000,
,,,00.000620000000, 120.00000,
,,,00.000621000000, 120.00000,
,,,00.000622000000, 120.00000,
,,,00.000623000000, 120.00000,
,,,00.000624000000, 120.00000,
,,,00.000625000000, 118.00000,
,,,00.000626000000, 120.00000,
,,,00.000627000000, 120.00000,
,,,00.000628000000, 120.00000,
,,,00.000629000000, 118.00000,
,,,00.000630000000, 120.00000,
,,,00.000631000000, 120.00000,
,,,00.000632000000, 120.00000,
,,,00.000633000000, 120.00000,
,,,00.000634000000, 120.00000,
,,,00.000635000000, 118.00000,
,,,00.000636000000, 120.00000,
,,,00.000637000000, 120.00000,
,,,00.000638000000, 120.00000,
,,,00.000639000000, 120.00000,
,,,00.000640000000, 118.00000,
,,,00.000641000000, 120.00000,
,,,00.000642000000, 120.00000,
,,,00.000643000000, 120.00000,
,,,00.000644000000, 120.00000,
,,,00.000645000000, 120.00000,
,,,00.000646000000, 120.00000,
,,,00.000647000000, 120.00000,
,,,00.000648000000, 120.00000,
,,,00.000649000000, 120.00000,
,,,00.000650000000, 120.00000,
,,,00.000651000000, 120.00000,
,,,00.000652000000, 118.00000,
,,,00.000653000000, 120.00000,
,,,00.000654000000, 120.00000,
,,,00.000655000000, 120.00000,
,,,00.000656000000, 120.00000,
,,,00.000657000000, 120.00000,
,,,00.000658000000, 120.00000,
,,,00.000659000000, 120.00000,
,,,00.000660000000, 120.00000,
,,,00.000661000000, 120.00000,
,,,00.000662000000, 120.00000,
,,,00.000663000000, 120.00000,
,,,00.000664000000, 120.00000,
,,,00.000665000000, 120.00000,
,,,00.000666000000, 120.00000,
,,,00.000667000000, 120.00000,
,,,00.000668000000, 120.00000,
,,,00.000669000000, 120.00000,
,,,00.000670000000, 120.00000,
,,,00.000671000000, 120.00000,
,,,00.000672000000, 120.00000,
,,,00.000673000000, 118.00000,
,,,00.000674000000, 120.00000,
,,,00.000675000000, 120.00000,
,,,00.000676000000, 120.00000,
,,,00.000677000000, 120.00000,
,,,00.000678000000, 120.00000,
,,,00.000679000000, 120.00000,
,,,00.000680000000, 120.00000,
,,,00.000681000000, 120.00000,
,,,00.000682000000, 118.00000,
,,,00.000683000000, 120.00000,
,,,00.000684000000, 120.00000,
,,,00.000685000000, 120.00000,
,,,00.000686000000, 120.00000,
,,,00.000687000000, 120.00000,
,,,00.000688000000, 120.00000,
,,,00.000689000000, 120.00000,
,,,00.000690000000, 120.00000,
,,,00.000691000000, 120.00000,
,,,00.000692000000, 120.00000,
,,,00.000693000000, 120.00000,
,,,00.000694000000, 120.00000,
,,,00.000695000000, 120.00000,
,,,00.000696000000, 120.00000,
,,,00.000697000000, 120.00000,
,,,00.000698000000, 120.00000,
,,,00.000699000000, 118.00000,
,,,00.000700000000, 120.00000,
,,,00.000701000000, 120.00000,
,,,00.000702000000, 120.00000,
,,,00.000703000000, 120.00000,
,,,00.000704000000, 120.00000,
,,,00.000705000000, 120.00000,
,,,00.000706000000, 120.00000,
,,,00.000707000000, 120.00000,
,,,00.000708000000, 120.00000,
,,,00.000709000000, 120.00000,
,,,00.000710000000, 118.00000,
,,,00.000711000000, 120.00000,
,,,00.000712000000, 120.00000,
,,,00.000713000000, 120.00000,
,,,00.000714000000, 120.00000,
,,,00.000715000000, 120.00000,
,,,00.000716000000, 120.00000,
,,,00.000717000000, 120.00000,
,,,00.000718000000, 120.00000,
,,,00.000719000000, 120.00000,
,,,00.000720000000, 120.00000,
,,,00.000721000000, 120.00000,
,,,00.000722000000, 118.00000,
,,,00.000723000000, 118.00000,
,,,00.000724000000, 120.00000,
,,,00.000725000000, 118.00000,
,,,00.000726000000, 118.00000,
,,,00.000727000000, 118.00000,
,,,00.000728000000, 118.00000,
,,,00.000729000000, 114.00000,
,,,00.000730000000,-112.00000,
,,,00.000731000000,-112.00000,
,,,00.000732000000,-114.00000,
,,,00.000733000000,-114.00000,
,,,00.000734000000,-114.00000,
,,,00.000735000000,-114.00000,
,,,00.000736000000,-114.00000,
,,,00.000737000000,-114.00000,
,,,00.000738000000,-114.00000,
,,,00.000739000000,-116.00000,
,,,00.000740000000,-116.00000,
,,,00.000741000000,-116.00000,
,,,00.000742000000,-116.00000,
,,,00.000743000000,-116.00000,
,,,00.000744000000,-116.00000,
,,,00.000745000000,-116.00000,
,,,00.000746000000,-116.00000,
,,,00.000747000000,-116.00000,
,,,00.000748000000,-116.00000,
,,,00.000749000000,-116.00000,
,,,00.000750000000,-116.00000,
,,,00.000751000000,-116.00000,
,,,00.000752000000,-116.00000,
,,,00.000753000000,-116.00000,
,,,00.000754000000,-116.00000,
,,,00.000755000000,-116.00000,
,,,00.000756000000,-116.00000,
,,,00.000757000000,-118.00000,
,,,00.000758000000,-116.00000,
,,,00.000759000000,-116.00000,
,,,00.000760000000,-116.00000,
,,,00.000761000000,-116.00000,
,,,00.000762000000,-118.00000,
,,,00.000763000000,-118.00000,
,,,00.000764000000,-116.00000,
,,,00.000765000000,-116.00000,
,,,00.000766000000,-116.00000,
,,,00.000767000000,-116.00000,
,,,00.000768000000,-118.00000,
,,,00.000769000000,-118.00000,
,,,00.000770000000,-116.00000,
,,,00.000771000000,-116.00000,
,,,00.000772000000,-116.00000,
,,,00.000773000000,-118.00000,
,,,00.000774000000,-118.00000,
,,,00.000775000000,-116.00000,
,,,00.000776000000,-116.00000,
,,,00.000777000000,-116.00000,
,,,00.000778000000,-116.00000,
,,,00.000779000000,-116.00000,
,,,00.000780000000,-116.00000,
,,,00.000781000000,-116.00000,
,,,00.000782000000,-116.00000,
,,,00.000783000000,-116.00000,
,,,00.000784000000,-116.00000,
,,,00.000785000000,-116.00000,
,,,00.000786000000,-116.00000,
,,,00.000787000000,-116.00000,
,,,00.000788000000,-116.00000,
,,,00.000789000000,-116.00000,
,,,00.000790000000,-116.00000,
,,,00.000791000000,-116.00000,
,,,00.000792000000,-116.00000,
,,,00.000793000000,-116.00000,
,,,00.000794000000,-116.00000,
,,,00.000795000000,-116.00000,
,,,00.000796000000,-116.00000,
,,,00.000797000000,-116.00000,
,,,00.000798000000,-118.00000,
,,,00.000799000000,-116.00000,
,,,00.000800000000,-116.00000,
,,,00.000801000000,-116.00000,
,,,00.000802000000,-116.00000,
,,,00.000803000000,-116.00000,
,,,00.000804000000,-116.00000,
,,,00.000805000000,-116.00000,
,,,00.000806000000,-116.00000,
,,,00.000807000000,-116.00000,
,,,00.000808000000,-116.00000,
,,,00.000809000000,-116.00000,
,,,00.000810000000,-116.00000,
,,,00.000811000000,-116.00000,
,,,00.000812000000,-116.00000,
,,,00.000813000000,-116.00000,
,,,00.000814000000,-116.00000,
,,,00.000815000000,-116.00000,
,,,00.000816000000,-116.00000,
,,,00.000817000000,-116.00000,
,,,00.000818000000,-116.00000,
,,,00.000819000000,-116.00000,
,,,00.000820000000,-116.00000,
,,,00.000821000000,-116.00000,
,,,00.000822000000,-116.00000,
,,,00.000823000000,-116.00000,
,,,00.000824000000,-116.00000,
,,,00.000825000000,-118.00000,
,,,00.000826000000,-116.00000,
,,,00.000827000000,-116.00000,
,,,00.000828000000,-116.00000,
,,,00.000829000000,-116.00000,
,,,00.000830000000,-116.00000,
,,,00.000831000000,-116.00000,
,,,00.000832000000,-116.00000,
,,,00.000833000000,-116.00000,
,,,00.000834000000,-116.00000,
,,,00.000835000000,-118.00000,
,,,00.000836000000,-116.00000,
,,,00.000837000000,-116.00000,
,,,00.000838000000,-116.00000,
,,,00.000839000000,-116.00000,
,,,00.000840000000,-116.00000,
,,,00.000841000000,-116.00000,
,,,00.000842000000,-116.00000,
,,,00.000843000000,-116.00000,
,,,00.000844000000,-116.00000,
,,,00.000845000000,-116.00000,
,,,00.000846000000,-116.00000,
,,,00.000847000000,-116.00000,
,,,00.000848000000,-118.00000,
,,,00.000849000000,-116.00000,
,,,00.000850000000,-116.00000,
,,,00.000851000000,-116.00000,
,,,00.000852000000,-116.00000,
,,,00.000853000000,-116.00000,
,,,00.000854000000,-116.00000,
,,,00.000855000000,-116.00000,
,,,00.000856000000,-116.00000,
,,,00.000857000000,-116.00000,
,,,00.000858000000,-116.00000,
,,,00.000859000000,-116.00000,
,,,00.000860000000,-116.00000,
,,,00.000861000000,-116.00000,
,,,00.000862000000,-118.00000,
,,,00.000863000000,-116.00000,
,,,00.000864000000,-118.00000,
,,,00.000865000000,-116.00000,
,,,00.000866000000,-118.00000,
,,,00.000867000000,-118.00000,
,,,00.000868000000,-118.00000,
,,,00.000869000000,-118.00000,
,,,00.000870000000,-116.00000,
,,,00.000871000000,-116.00000,
,,,00.000872000000,-118.00000,
,,,00.000873000000,-118.00000,
,,,00.000874000000,-116.00000,
,,,00.000875000000,-116.00000,
,,,00.000876000000,-116.00000,
,,,00.000877000000,-116.00000,
,,,00.000878000000,-116.00000,
,,,00.000879000000,-118.00000,
,,,00.000880000000,-118.00000,
,,,00.000881000000,-116.00000,
,,,00.000882000000,-116.00000,
,,,00.000883000000,-118.00000,
,,,00.000884000000,-116.00000,
,,,00.000885000000,-116.00000,
,,,00.000886000000,-116.00000,
,,,00.000887000000,-116.00000,
,,,00.000888000000,-118.00000,
,,,00.000889000000,-116.00000,
,,,00.000890000000,-118.00000,
,,,00.000891000000,-118.00000,
,,,00.000892000000,-118.00000,
,,,00.000893000000,-118.00000,
,,,00.000894000000,-116.00000,
,,,00.000895000000,-118.00000,
,,,00.000896000000,-116.00000,
,,,00.000897000000,-116.00000,
,,,00.000898000000,-118.00000,
,,,00.000899000000,-116.00000,
,,,00.000900000000,-116.00000,
,,,00.000901000000,-116.00000,
,,,00.000902000000,-116.00000,
,,,00.000903000000,-116.00000,
,,,00.000904000000,-118.00000,
,,,00.000905000000,-116.00000,
,,,00.000906000000,-116.00000,
,,,00.000907000000,-116.00000,
,,,00.000908000000,-116.00000,
,,,00.000909000000,-116.00000,
,,,00.000910000000,-116.00000,
,,,00.000911000000,-116.00000,
,,,00.000912000000,-116.00000,
,,,00.000913000000,-116.00000,
,,,00.000914000000,-116.00000,
,,,00.000915000000,-116.00000,
,,,00.000916000000,-116.00000,
,,,00.000917000000,-116.00000,
,,,00.000918000000,-116.00000,
,,,00.000919000000,-116.00000,
,,,00.000920000000,-116.00000,
,,,00.000921000000,-116.00000,
,,,00.000922000000,-116.00000,
,,,00.000923000000,-116.00000,
,,,00.000924000000,-116.00000,
,,,00.000925000000,-116.00000,
,,,00.000926000000,-116.00000,
,,,00.000927000000,-116.00000,
,,,00.000928000000,-116.00000,
,,,00.000929000000,-116.00000,
,,,00.000930000000,-116.00000,
,,,00.000931000000,-116.00000,
,,,00.000932000000,-116.00000,
,,,00.000933000000,-116.00000,
,,,00.000934000000,-116.00000,
,,,00.000935000000,-116.00000,
,,,00.000936000000,-116.00000,
,,,00.000937000000,-116.00000,
,,,00.000938000000,-116.00000,
,,,00.000939000000,-116.00000,
,,,00.000940000000,-118.00000,
,,,00.000941000000,-116.00000,
,,,00.000942000000,-116.00000,
,,,00.000943000000,-116.00000,
,,,00.000944000000,-116.00000,
,,,00.000945000000,-116.00000,
,,,00.000946000000,-116.00000,
,,,00.000947000000,-116.00000,
,,,00.000948000000,-116.00000,
,,,00.000949000000,-118.00000,
,,,00.000950000000,-116.00000,
,,,00.000951000000,-116.00000,
,,,00.000952000000,-116.00000,
,,,00.000953000000,-116.00000,
,,,00.000954000000,-116.00000,
,,,00.000955000000,-116.00000,
,,,00.000956000000,-116.00000,
,,,00.000957000000,-118.00000,
,,,00.000958000000,-116.00000,
,,,00.000959000000,-116.00000,
,,,00.000960000000,-116.00000,
,,,00.000961000000,-116.00000,
,,,00.000962000000,-116.00000,
,,,00.000963000000,-116.00000,
,,,00.000964000000,-116.00000,
,,,00.000965000000,-116.00000,
,,,00.000966000000,-116.00000,
,,,00.000967000000,-116.00000,
,,,00.000968000000,-118.00000,
,,,00.000969000000,-116.00000,
,,,00.000970000000,-118.00000,
,,,00.000971000000,-116.00000,
,,,00.000972000000,-116.00000,
,,,00.000973000000,-116.00000,
,,,00.000974000000,-116.00000,
,,,00.000975000000,-116.00000,
,,,00.000976000000,-116.00000,
,,,00.000977000000,-116.00000,
,,,00.000978000000,-116.00000,
,,,00.000979000000,-118.00000,
,,,00.000980000000,-116.00000,
,,,00.000981000000,-116.00000,
,,,00.000982000000,-116.00000,
,,,00.000983000000,-116.00000,
,,,00.000984000000,-116.00000,
,,,00.000985000000,-116.00000,
,,,00.000986000000,-116.00000,
,,,00.000987000000,-116.00000,
,,,00.000988000000,-116.00000,
,,,00.000989000000,-116.00000,
,,,00.000990000000,-116.00000,
,,,00.000991000000,-116.00000,
,,,00.000992000000,-116.00000,
,,,00.000993000000,-116.00000,
,,,00.000994000000,-116.00000,
,,,00.000995000000,-116.00000,
,,,00.000996000000,-116.00000,
,,,00.000997000000,-116.00000,
,,,00.000998000000,-116.00000,
,,,00.000999000000,-118.00000,
,,,00.001000000000,-116.00000,
,,,00.001001000000,-116.00000,
,,,00.001002000000,-116.00000,
,,,00.001003000000,-116.00000,
,,,00.001004000000,-116.00000,
,,,00.001005000000,-116.00000,
,,,00.001006000000,-116.00000,
,,,00.001007000000,-116.00000,
,,,00.001008000000,-116.00000,
,,,00.001009000000,-116.00000,
,,,00.001010000000,-118.00000,
,,,00.001011000000,-116.00000,
,,,00.001012000000,-116.00000,
,,,00.001013000000,-116.00000,
,,,00.001014000000,-116.00000,
,,,00.001015000000,-116.00000,
,,,00.001016000000,-116.00000,
,,,00.001017000000,-116.00000,
,,,00.001018000000,-114.00000,
,,,00.001019000000, 112.00000,
,,,00.001020000000, 116.00000,
,,,00.001021000000, 116.00000,
,,,00.001022000000, 116.00000,
,,,00.001023000000, 118.00000,
,,,00.001024000000, 116.00000,
,,,00.001025000000, 116.00000,
,,,00.001026000000, 118.00000,
,,,00.001027000000, 118.00000,
,,,00.001028000000, 118.00000,
,,,00.001029000000, 118.00000,
,,,00.001030000000, 118.00000,
,,,00.001031000000, 118.00000,
,,,00.001032000000, 118.00000,
,,,00.001033000000, 118.00000,
,,,00.001034000000, 118.00000,
,,,00.001035000000, 118.00000,
,,,00.001036000000, 118.00000,
,,,00.001037000000, 118.00000,
,,,00.001038000000, 120.00000,
,,,00.001039000000, 118.00000,
,,,00.001040000000, 120.00000,
,,,00.001041000000, 120.00000,
,,,00.001042000000, 118.00000,
,,,00.001043000000, 120.00000,
,,,00.001044000000, 118.00000,
,,,00.001045000000, 118.00000,
,,,00.001046000000, 120.00000,
,,,00.001047000000, 118.00000,
,,,00.001048000000, 118.00000,
,,,00.001049000000, 120.00000,
,,,00.001050000000, 120.00000,
,,,00.001051000000, 120.00000,
,,,00.001052000000, 120.00000,
,,,00.001053000000, 120.00000,
,,,00.001054000000, 120.00000,
,,,00.001055000000, 118.00000,
,,,00.001056000000, 120.00000,
,,,00.001057000000, 120.00000,
,,,00.001058000000, 120.00000,
,,,00.001059000000, 120.00000,
,,,00.001060000000, 120.00000,
,,,00.001061000000, 120.00000,
,,,00.001062000000, 120.00000,
,,,00.001063000000, 120.00000,
,,,00.001064000000, 118.00000,
,,,00.001065000000, 120.00000,
,,,00.001066000000, 118.00000,
,,,00.001067000000, 120.00000,
,,,00.001068000000, 120.00000,
,,,00.001069000000, 118.00000,
,,,00.001070000000, 120.00000,
,,,00.001071000000, 118.00000,
,,,00.001072000000, 120.00000,
,,,00.001073000000, 118.00000,
,,,00.001074000000, 118.00000,
,,,00.001075000000, 120.00000,
,,,00.001076000000, 120.00000,
,,,00.001077000000, 120.00000,
,,,00.001078000000, 118.00000,
,,,00.001079000000, 118.00000,
,,,00.001080000000, 120.00000,
,,,00.001081000000, 118.00000,
,,,00.001082000000, 120.00000,
,,,00.001083000000, 120.00000,
,,,00.001084000000, 120.00000,
,,,00.001085000000, 118.00000,
,,,00.001086000000, 118.00000,
,,,00.001087000000, 120.00000,
,,,00.001088000000, 118.00000,
,,,00.001089000000, 118.00000,
,,,00.001090000000, 118.00000,
,,,00.001091000000, 120.00000,
,,,00.001092000000, 120.00000,
,,,00.001093000000, 118.00000,
,,,00.001094000000, 120.00000,
,,,00.001095000000, 118.00000,
,,,00.001096000000, 120.00000,
,,,00.001097000000, 120.00000,
,,,00.001098000000, 120.00000,
,,,00.001099000000, 120.00000,
,,,00.001100000000, 120.00000,
,,,00.001101000000, 118.00000,
,,,00.001102000000, 120.00000,
,,,00.001103000000, 120.00000,
,,,00.001104000000, 120.00000,
,,,00.001105000000, 118.00000,
,,,00.001106000000, 118.00000,
,,,00.001107000000, 120.00000,
,,,00.001108000000, 120.00000,
,,,00.001109000000, 120.00000,
,,,00.001110000000, 120.00000,
,,,00.001111000000, 120.00000,
,,,00.001112000000, 120.00000,
,,,00.001113000000, 120.00000,
,,,00.001114000000, 118.00000,
,,,00.001115000000, 120.00000,
,,,00.001116000000, 120.00000,
,,,00.001117000000, 118.00000,
,,,00.001118000000, 120.00000,
,,,00.001119000000, 120.00000,
,,,00.001120000000, 120.00000,
,,,00.001121000000, 120.00000,
,,,00.001122000000, 120.00000,
,,,00.001123000000, 118.00000,
,,,00.001124000000, 120.00000,
,,,00.001125000000, 118.00000,
,,,00.001126000000, 118.00000,
,,,00.001127000000, 118.00000,
,,,00.001128000000, 120.00000,
,,,00.001129000000, 118.00000,
,,,00.001130000000, 118.00000,
,,,00.001131000000, 120.00000,
,,,00.001132000000, 120.00000,
,,,00.001133000000, 120.00000,
,,,00.001134000000, 118.00000,
,,,00.001135000000, 120.00000,
,,,00.001136000000, 120.00000,
,,,00.001137000000, 120.00000,
,,,00.001138000000, 120.00000,
,,,00.001139000000, 120.00000,
,,,00.001140000000, 120.00000,
,,,00.001141000000, 120.00000,
,,,00.001142000000, 120.00000,
,,,00.001143000000, 120.00000,
,,,00.001144000000, 118.00000,
,,,00.001145000000, 118.00000,
,,,00.001146000000, 120.00000,
,,,00.001147000000, 120.00000,
,,,00.001148000000, 120.00000,
,,,00.001149000000, 120.00000,
,,,00.001150000000, 120.00000,
,,,00.001151000000, 120.00000,
,,,00.001152000000, 120.00000,
,,,00.001153000000, 120.00000,
,,,00.001154000000, 120.00000,
,,,00.001155000000, 120.00000,
,,,00.001156000000, 120.00000,
,,,00.001157000000, 120.00000,
,,,00.001158000000, 120.00000,
,,,00.001159000000, 120.00000,
,,,00.001160000000, 120.00000,
,,,00.001161000000, 120.00000,
,,,00.001162000000, 120.00000,
,,,00.001163000000, 120.00000,
,,,00.001164000000, 118.00000,
,,,00.001165000000, 120.00000,
,,,00.001166000000, 120.00000,
,,,00.001167000000, 118.00000,
,,,00.001168000000, 120.00000,
,,,00.001169000000, 120.00000,
,,,00.001170000000, 118.00000,
,,,00.001171000000, 120.00000,
,,,00.001172000000, 120.00000,
,,,00.001173000000, 120.00000,
,,,00.001174000000, 120.00000,
,,,00.001175000000, 120.00000,
,,,00.001176000000, 120.00000,
,,,00.001177000000, 118.00000,
,,,00.001178000000, 120.00000,
,,,00.001179000000, 120.00000,
,,,00.001180000000, 120.00000,
,,,00.001181000000, 118.00000,
,,,00.001182000000, 120.00000,
,,,00.001183000000, 120.00000,
,,,00.001184000000, 118.00000,
,,,00.001185000000, 120.00000,
,,,00.001186000000, 120.00000,
,,,00.001187000000, 120.00000,
,,,00.001188000000, 120.00000,
,,,00.001189000000, 118.00000,
,,,00.001190000000, 120.00000,
,,,00.001191000000, 120.00000,
,,,00.001192000000, 120.00000,
,,,00.001193000000, 120.00000,
,,,00.001194000000, 120.00000,
,,,00.001195000000, 120.00000,
,,,00.001196000000, 120.00000,
,,,00.001197000000, 120.00000,
,,,00.001198000000, 120.00000,
,,,00.001199000000, 118.00000,
,,,00.001200000000, 120.00000,
,,,00.001201000000, 120.00000,
,,,00.001202000000, 120.00000,
,,,00.001203000000, 120.00000,
,,,00.001204000000, 120.00000,
,,,00.001205000000, 120.00000,
,,,00.001206000000, 120.00000,
,,,00.001207000000, 120.00000,
,,,00.001208000000, 120.00000,
,,,00.001209000000, 120.00000,
,,,00.001210000000, 120.00000,
,,,00.001211000000, 120.00000,
,,,00.001212000000, 120.00000,
,,,00.001213000000, 120.00000,
,,,00.001214000000, 120.00000,
,,,00.001215000000, 120.00000,
,,,00.001216000000, 120.00000,
,,,00.001217000000, 120.00000,
,,,00.001218000000, 120.00000,
,,,00.001219000000, 120.00000,
,,,00.001220000000, 120.00000,
,,,00.001221000000, 120.00000,
,,,00.001222000000, 120.00000,
,,,00.001223000000, 120.00000,
,,,00.001224000000, 120.00000,
,,,00.001225000000, 120.00000,
,,,00.001226000000, 120.00000,
,,,00.001227000000, 120.00000,
,,,00.001228000000, 120.00000,
,,,00.001229000000, 120.00000,
,,,00.001230000000, 120.00000,
,,,00.001231000000, 120.00000,
,,,00.001232000000, 120.00000,
,,,00.001233000000, 120.00000,
,,,00.001234000000, 120.00000,
,,,00.001235000000, 118.00000,
,,,00.001236000000, 120.00000,
,,,00.001237000000, 120.00000,
,,,00.001238000000, 120.00000,
,,,00.001239000000, 120.00000,
,,,00.001240000000, 120.00000,
,,,00.001241000000, 120.00000,
,,,00.001242000000, 120.00000,
,,,00.001243000000, 120.00000,
,,,00.001244000000, 120.00000,
,,,00.001245000000, 120.00000,
,,,00.001246000000, 120.00000,
,,,00.001247000000, 120.00000,
,,,00.001248000000, 120.00000,
,,,00.001249000000, 120.00000,
